zip,_2022_07_21t00_00_00_000,_2022_08_21t00_00_00_000,_2022_09_21t00_00_00_000,_2022_10_21t00_00_00_000,_2022_11_21t00_00_00_000,_2022_12_21t00_00_00_000,_2022_01_22t00_00_00_000,_2022_02_22t00_00_00_000,_2022_03_22t00_00_00_000,_2022_04_22t00_00_00_000,_2022_05_22t00_00_00_000,_2022_06_22t00_00_00_000,july_2022,august_2022,september_2022,october_2022,november_2022,december_2022,january_2023,february_2023,march_2023,april_2023,may_2023,june_2023,july_2023,august_2023,september_2023,october_2023,november_2023,december_2023,january_2024,february_2024,march_2024,april_2024,may_2024,june_2024,july_2024,august_2024,september_2024,october_2024,november_2024,december_2024,january_2025,february_2025,march_2025,april_2025,may_2025,june_2025,july_2025,august_2025,september_2025,october_2025,november_2025,december_2025,january_2026,february_2026
19964,0,0,0,0,0,0,0,0,0,0,0,0,0,0,0,0,0,0,0,0,0,0,0,0,0,0,0,1,0,0,1,0,0,0,0,1,0,0,0,0,0,0,0,1,0,0,0,0,0,0,0,0,0,0,0,0
19973,0,0,0,0,0,0,0,0,1,0,0,0,0,0,0,0,0,0,0,0,0,0,0,0,0,0,0,0,0,0,0,0,0,0,0,0,0,0,0,0,0,0,0,0,0,0,0,0,0,0,0,0,0,0,0,0
20230,0,0,0,0,0,0,0,0,0,0,0,0,0,0,0,0,0,0,0,0,0,0,0,0,0,1,0,0,0,0,0,0,0,0,0,0,0,0,0,0,0,0,0,0,0,0,0,0,0,0,0,0,0,0,0,0
20236,0,0,0,0,0,0,0,0,1,0,0,0,0,0,0,0,0,0,0,0,0,0,0,0,0,0,0,0,0,0,0,0,0,0,0,0,0,0,0,0,0,0,0,0,0,0,0,0,0,0,0,0,0,0,0,0
20473,0,0,0,0,0,0,0,0,1,0,0,0,0,0,0,0,0,0,0,0,0,0,0,0,0,0,0,0,0,0,0,0,0,0,0,0,0,0,0,0,0,0,0,0,0,0,0,0,0,0,0,0,0,0,0,0
20601,9,14,26,32,20,17,27,30,51,48,55,42,73,71,70,89,68,84,96,78,76,50,70,67,64,87,80,74,76,66,85,87,103,81,86,68,94,91,96,92,78,107,120,88,84,95,90,96,101,98,112,113,91,119,132,120
20602,5,9,20,21,23,21,30,34,42,45,43,51,50,51,47,44,38,54,69,53,61,53,65,43,51,64,56,59,58,55,72,64,55,68,51,50,66,73,70,50,54,77,91,89,66,79,80,61,67,76,67,90,84,92,84,93
20603,3,3,14,26,25,24,27,44,48,48,39,45,33,55,62,40,53,47,86,60,59,46,66,51,59,74,58,61,61,68,65,56,86,50,70,65,70,77,72,75,84,85,105,92,82,83,80,88,93,79,77,82,96,78,123,99
20604,0,0,0,0,0,0,0,0,0,0,0,0,0,0,0,0,0,0,0,0,0,0,0,0,0,0,0,0,0,0,0,0,0,0,0,0,0,0,0,0,0,0,0,0,0,0,0,0,0,0,0,0,0,0,0,0
20606,0,0,0,0,0,0,0,0,0,1,0,0,0,0,0,0,0,0,0,1,1,0,0,1,0,1,1,1,1,1,1,1,1,1,1,1,3,1,0,0,1,0,0,0,0,0,0,0,0,0,0,0,0,1,0,0
20607,3,5,10,11,13,13,19,14,14,21,28,24,11,30,28,22,22,29,42,35,29,23,34,28,34,38,33,47,34,34,48,38,41,32,43,42,55,46,36,52,31,46,55,35,31,38,46,47,45,55,49,46,42,59,53,58
20608,0,0,2,0,0,1,2,1,1,0,0,1,3,0,0,1,2,2,3,1,0,1,1,1,1,0,2,0,1,3,2,1,3,0,3,3,2,3,2,2,0,2,1,4,0,2,2,4,2,3,3,4,5,3,4,1
20609,0,1,0,0,0,0,1,1,1,0,0,0,0,0,1,0,0,0,0,0,0,0,0,0,0,1,1,0,2,0,2,0,2,2,1,4,3,1,1,3,3,1,3,1,2,4,3,1,2,2,2,0,2,3,2,1
20611,0,1,0,2,1,0,0,0,1,1,0,1,2,2,1,1,2,0,1,1,0,0,1,3,0,4,1,3,1,1,0,0,0,1,1,1,0,0,1,0,2,2,4,2,1,2,2,2,0,3,1,4,1,2,1,2
20612,0,0,1,0,0,0,0,0,0,0,0,0,1,0,0,0,0,1,0,0,1,0,0,0,1,2,1,0,0,0,0,1,1,1,2,1,0,0,0,0,0,0,0,0,0,0,0,0,0,1,0,1,0,0,0,0
20613,7,6,23,10,15,14,30,7,18,19,28,32,34,44,36,36,44,34,40,41,40,37,34,37,53,54,46,49,48,40,40,56,58,51,38,37,46,53,41,49,39,71,68,61,59,57,60,54,68,61,75,79,85,79,81,88
20615,0,0,3,0,0,0,0,0,1,1,1,0,0,0,0,0,1,0,3,0,1,1,0,0,0,0,0,1,0,0,0,0,0,0,1,0,0,0,0,0,0,0,0,1,0,0,0,0,0,1,0,0,0,0,1,0
20616,1,4,4,9,11,9,10,12,14,20,15,24,21,21,26,16,9,24,25,25,20,16,24,18,18,24,30,30,23,17,21,24,28,29,27,21,29,20,26,29,28,34,29,30,21,31,24,22,26,41,33,28,30,39,39,33
20617,0,1,0,2,1,1,0,0,0,2,0,2,0,0,1,1,0,0,0,1,0,0,0,0,0,0,0,1,1,1,0,0,1,0,0,0,0,1,0,1,1,0,0,1,0,1,0,0,1,0,0,3,1,1,3,1
20618,2,1,2,2,1,1,3,3,2,3,0,4,4,3,4,2,1,2,0,0,3,0,0,0,2,1,0,0,0,1,2,0,0,1,1,1,1,4,1,4,2,5,5,2,3,0,3,1,0,4,1,1,9,0,4,17
20619,1,6,5,5,8,9,9,10,9,7,5,9,10,9,8,11,10,15,14,15,16,8,15,9,13,7,14,14,22,11,12,13,13,13,10,10,14,10,17,17,8,14,25,17,13,17,18,15,16,14,11,19,19,33,21,17
20620,0,0,1,0,0,0,1,0,2,3,0,0,1,2,1,1,1,1,3,0,3,1,2,0,1,2,1,2,2,1,3,3,1,1,1,1,2,0,0,0,0,1,2,2,1,1,1,1,1,1,2,2,1,1,2,2
20621,0,1,0,2,0,1,1,1,0,2,1,0,4,1,1,3,1,1,1,0,4,0,0,0,0,0,3,2,0,0,1,2,2,1,1,3,1,2,1,3,2,0,2,1,2,3,2,4,2,3,2,2,4,1,1,3
20622,1,0,2,3,3,1,3,3,0,3,3,4,1,4,3,3,3,3,5,3,4,1,4,6,4,2,2,3,2,4,2,2,1,5,4,3,9,6,5,5,2,6,7,7,8,4,4,5,5,5,5,4,5,5,5,6
20623,0,1,4,4,4,2,1,3,5,9,5,3,7,8,7,6,10,6,8,5,2,6,5,7,8,4,4,5,6,6,6,11,8,4,9,10,9,5,8,11,6,12,7,7,6,3,5,5,6,7,14,9,8,10,20,10
20624,0,0,0,0,0,0,1,0,0,0,0,0,0,0,0,0,0,0,0,0,0,0,0,0,0,0,0,0,0,0,1,0,0,0,1,1,3,3,2,0,1,1,2,0,0,0,4,2,0,3,1,1,2,0,0,2
20625,1,2,1,1,3,0,2,0,0,0,0,1,0,1,1,1,2,1,0,3,0,0,1,0,1,2,1,0,1,0,3,0,1,3,1,0,2,1,1,1,0,1,2,2,0,2,0,0,1,2,1,1,1,2,2,1
20626,0,0,0,0,2,0,0,0,0,0,0,0,0,0,0,0,0,0,0,0,0,0,1,0,1,0,0,0,1,1,0,0,0,0,0,1,0,1,0,0,0,1,0,3,0,1,1,1,1,1,1,1,1,2,0,1
20628,0,1,1,0,1,1,2,1,0,1,1,1,0,0,1,0,0,0,0,0,0,0,0,0,0,0,0,0,0,0,0,0,0,0,0,0,0,0,0,1,0,0,0,0,1,0,0,1,0,1,0,1,1,0,0,0
20629,0,0,0,0,0,0,0,0,0,0,0,0,1,0,0,0,0,0,0,0,1,0,0,1,0,1,0,1,0,0,0,0,0,0,0,0,0,0,0,0,0,0,0,0,0,0,0,0,0,0,0,0,0,0,0,0
20630,1,0,0,0,0,0,0,0,0,0,0,0,0,0,1,0,0,0,1,0,0,0,0,1,0,0,0,0,1,0,1,0,1,0,0,0,0,0,0,1,0,0,0,0,0,0,0,0,0,0,1,0,1,0,0,0
20632,0,0,0,0,0,0,0,1,0,1,0,0,0,0,0,1,0,0,0,0,1,0,0,0,0,0,0,0,1,0,0,0,1,0,0,0,0,0,0,0,0,0,0,0,0,0,0,0,0,0,1,0,0,0,0,0
20634,1,0,4,3,5,6,2,5,4,7,4,6,9,11,4,9,9,10,10,11,10,8,10,10,11,16,7,12,12,7,14,10,11,9,8,14,11,8,8,10,8,9,22,12,10,11,12,15,13,16,10,13,18,16,11,17
20635,0,0,0,0,0,0,0,0,1,0,0,0,0,0,0,0,0,0,0,1,0,0,0,0,0,0,0,0,0,0,0,0,0,0,0,0,0,0,0,0,0,0,0,0,0,0,0,0,0,0,0,0,0,0,0,0
20636,3,1,6,4,6,15,9,2,5,4,6,8,5,4,4,4,2,5,10,3,5,0,2,2,7,9,2,10,3,6,8,5,7,9,5,3,9,3,2,4,5,6,5,5,6,7,5,7,10,10,5,8,8,6,9,10
20637,0,3,6,2,1,4,3,3,1,2,4,5,5,8,6,5,6,8,3,7,10,6,12,9,10,9,11,12,11,5,8,9,9,11,6,9,13,7,7,7,5,11,13,9,9,10,14,10,15,9,9,13,13,14,18,12
20639,1,2,7,8,5,3,12,6,9,9,7,14,11,10,13,7,12,12,16,10,9,12,12,11,14,12,10,13,7,10,14,10,13,18,17,12,5,7,15,13,10,19,17,12,15,23,11,16,24,19,20,18,26,19,21,22
20640,10,6,11,19,17,9,6,14,9,20,14,19,16,26,23,25,30,35,24,22,25,19,28,21,22,28,33,23,34,23,23,25,28,25,29,24,30,33,32,33,34,42,30,26,29,32,32,29,26,38,29,35,33,35,37,34
20644,0,0,0,0,0,0,0,0,0,0,0,0,0,0,0,0,0,0,0,0,0,0,0,0,0,0,0,0,0,0,0,0,0,0,0,0,0,0,0,0,0,0,0,0,0,0,0,0,0,0,0,0,0,0,0,0
20645,0,0,1,0,1,1,0,0,1,0,3,1,4,1,3,2,3,1,0,0,2,3,0,0,1,2,1,3,4,2,4,3,3,1,0,1,2,3,1,0,2,6,1,0,3,2,0,0,1,0,0,2,1,0,2,2
20646,2,4,10,18,13,8,12,19,15,23,23,18,28,20,22,16,17,29,31,18,27,27,26,23,21,20,27,31,23,24,28,32,23,24,16,27,32,41,30,31,34,40,50,34,35,39,41,40,54,35,42,53,66,47,54,45
20650,0,0,3,5,3,5,4,8,8,7,1,7,4,6,9,2,6,5,12,10,2,9,6,7,7,18,13,10,10,12,7,7,6,8,1,8,10,6,8,6,3,10,14,5,7,9,6,4,10,12,10,6,11,6,13,11
20653,1,8,9,8,17,8,15,11,16,19,18,24,20,27,19,29,21,27,35,30,26,17,21,26,27,32,28,32,28,20,39,31,24,25,27,18,38,32,34,40,31,39,45,33,25,29,30,39,38,42,40,38,52,48,34,35
20656,0,0,0,0,0,0,0,0,0,2,0,0,0,0,1,1,1,1,0,0,0,0,0,0,2,1,1,1,0,0,0,0,0,0,0,1,1,0,0,0,0,0,0,0,0,0,0,0,1,2,1,1,0,0,0,1
20657,4,4,17,22,20,19,24,23,21,41,27,29,42,40,43,37,33,29,53,39,38,31,36,32,28,35,40,32,36,38,50,37,38,50,44,37,37,33,52,56,48,61,58,50,53,52,38,50,49,59,48,63,49,55,55,59
20658,2,0,0,2,1,0,1,0,0,0,0,2,0,2,0,1,1,2,1,6,2,1,0,1,1,0,2,4,2,2,2,1,1,3,3,1,2,2,0,1,4,3,2,2,0,4,2,1,2,3,0,3,2,1,2,2
20659,4,10,12,21,15,21,10,17,15,28,26,22,12,26,38,24,30,31,38,22,37,18,30,18,29,27,22,26,30,32,33,29,24,35,23,18,24,26,21,27,23,27,49,32,27,32,29,27,28,29,28,37,47,35,39,33
20662,0,0,1,0,2,2,4,0,18,0,1,6,6,6,2,1,2,1,2,3,2,4,4,2,3,4,2,4,4,3,6,2,2,3,2,3,4,3,2,3,3,7,7,3,1,4,4,6,4,2,1,5,4,3,9,4
20664,0,0,3,2,5,4,1,2,4,3,5,7,1,2,2,5,4,2,4,4,2,3,5,3,4,7,3,2,4,6,2,3,6,6,4,5,8,5,4,1,6,4,9,7,7,5,6,7,6,5,7,4,12,8,7,6
20667,0,0,0,0,0,0,0,0,0,1,0,0,0,0,1,1,0,0,1,0,0,1,0,2,0,0,0,2,2,2,1,1,0,0,1,0,0,0,0,0,0,0,1,1,0,1,1,0,0,0,1,0,0,0,0,0
20670,0,0,0,0,0,0,0,0,0,0,0,0,0,0,0,0,0,0,0,0,0,0,0,0,0,0,0,0,0,0,0,0,0,0,0,0,0,0,0,0,0,0,0,0,0,0,0,0,0,0,0,0,0,0,0,0
20674,0,0,0,0,0,0,1,1,1,1,2,0,1,0,0,1,0,1,1,0,1,1,0,2,0,0,1,0,0,1,1,0,0,3,0,1,1,0,1,1,1,2,2,0,2,0,1,0,2,3,1,0,3,3,3,3
20675,1,3,0,3,3,2,1,2,3,4,0,4,1,1,2,2,2,1,2,3,10,1,1,2,2,3,1,2,2,2,2,4,2,3,2,1,1,2,2,0,3,1,5,0,4,1,0,1,3,1,1,4,2,2,5,1
20676,1,1,3,0,2,1,4,2,4,5,2,5,6,6,3,11,4,7,4,4,4,5,1,3,3,4,4,3,1,1,5,2,3,1,4,3,3,4,3,3,4,6,6,7,3,7,2,7,3,3,6,5,5,6,9,8
20677,0,0,0,0,1,1,1,0,0,0,1,3,1,2,1,2,2,0,4,3,1,5,4,2,4,4,3,1,3,2,3,1,1,4,3,4,3,1,2,1,2,1,7,1,6,3,2,0,2,2,3,3,7,4,1,3
20678,3,5,8,7,12,8,11,4,11,12,11,11,14,16,15,22,11,22,22,16,17,19,13,19,10,26,13,19,21,17,13,16,19,16,23,19,13,8,13,16,15,23,27,22,16,12,10,16,11,14,18,23,19,16,17,21
20679,0,0,0,0,0,0,0,0,0,0,0,0,0,0,0,0,0,0,0,0,0,0,0,0,0,0,0,0,0,0,0,0,0,0,0,0,0,0,0,0,0,0,0,0,0,1,0,0,0,0,0,0,0,0,0,0
20680,0,0,0,0,0,0,0,0,0,0,0,0,0,1,0,1,1,1,0,1,0,1,1,1,0,3,1,0,0,2,1,0,0,2,0,0,0,1,1,0,0,2,3,1,4,2,2,2,1,4,2,2,0,0,2,1
20684,0,0,0,0,0,0,0,0,0,1,1,1,1,0,0,1,0,0,2,0,1,0,0,0,1,0,1,0,0,2,0,0,0,1,0,0,1,2,1,1,1,1,4,0,1,0,3,1,1,0,1,0,0,0,1,2
20685,1,3,3,6,7,6,5,6,5,9,7,14,10,12,11,10,8,11,13,6,12,3,13,10,4,7,6,8,6,7,10,2,10,13,13,11,13,11,7,9,7,7,11,11,20,14,13,14,12,12,14,15,13,11,12,18
20686,0,0,1,0,0,0,0,0,0,0,0,0,0,0,0,0,0,0,0,0,0,0,0,0,0,0,0,0,0,0,0,0,0,0,0,0,0,0,0,0,0,0,0,0,0,0,0,0,0,0,0,0,0,0,0,0
20687,0,0,0,2,0,0,0,1,0,1,0,1,0,0,0,0,2,1,0,0,0,0,0,0,2,1,1,1,0,1,0,0,0,1,1,0,0,0,0,0,1,2,1,0,1,1,1,0,2,0,1,1,0,0,2,0
20688,0,0,2,2,0,0,1,0,0,1,0,1,0,0,0,0,1,1,1,4,0,1,1,3,2,1,1,4,2,3,3,1,1,3,2,2,2,1,2,0,2,0,1,2,2,0,2,0,3,0,1,0,0,0,0,1
20689,0,1,2,3,0,1,2,0,0,1,1,2,2,2,4,1,3,5,5,4,1,2,4,2,4,4,0,2,2,2,4,4,3,6,2,2,2,6,2,5,2,1,1,0,2,1,1,3,3,2,4,3,3,3,1,4
20690,0,0,0,0,1,0,0,0,0,0,0,1,1,2,1,0,0,0,0,1,0,0,0,1,2,2,5,5,4,1,1,1,2,1,1,1,1,2,0,3,2,2,2,0,1,2,2,1,1,1,3,2,1,2,2,2
20692,0,0,0,0,1,0,0,0,0,0,1,0,0,0,0,1,0,1,1,0,0,0,1,0,0,0,0,0,1,0,0,1,0,0,0,0,1,0,0,1,0,0,0,0,0,0,0,0,0,1,0,0,1,0,0,0
20693,0,1,1,1,0,2,0,0,3,2,0,0,0,1,1,1,0,0,1,1,0,1,0,1,1,0,2,0,1,2,1,1,1,1,3,3,3,1,0,1,2,1,1,1,1,2,3,4,3,5,0,2,0,1,2,4
20695,3,4,8,15,12,10,17,15,22,25,19,16,29,38,33,33,39,35,44,39,35,34,31,35,29,46,36,39,25,28,40,37,54,47,45,43,39,57,62,47,44,52,72,59,47,45,56,60,54,55,53,69,52,71,88,80
20701,0,0,0,0,0,0,0,0,0,0,0,0,0,0,0,0,0,0,0,0,0,0,0,0,0,0,0,0,0,0,0,0,0,0,0,0,0,0,0,0,0,0,0,0,0,0,0,0,0,0,0,0,0,0,0,0
20702,0,0,0,0,0,0,0,0,0,0,0,0,0,0,0,0,0,0,0,0,0,0,0,0,0,0,0,0,0,0,0,0,0,0,0,0,0,0,0,0,0,0,0,0,0,0,0,0,0,0,0,0,0,0,0,0
20703,0,0,0,0,0,0,0,0,0,0,0,0,0,0,0,0,0,0,0,0,1,0,0,0,0,0,0,0,0,0,0,0,0,0,0,0,0,0,0,0,0,0,0,0,0,0,0,0,0,0,0,0,0,0,0,0
20704,0,0,0,0,0,0,0,0,0,0,0,0,0,0,0,0,0,0,0,0,0,0,0,0,0,0,0,0,0,0,0,0,0,0,0,0,0,0,0,0,0,0,0,0,0,0,0,0,0,0,0,0,0,0,0,0
20705,8,3,12,22,16,14,25,17,22,30,20,31,17,26,41,35,27,33,40,35,50,26,41,28,35,31,27,38,25,24,42,34,40,30,30,37,28,33,40,39,31,36,40,32,37,34,34,43,32,29,44,38,35,38,41,40
20706,10,13,31,34,32,29,27,29,42,59,32,65,50,66,66,61,56,68,82,64,60,52,63,49,56,60,51,49,47,45,82,57,85,72,70,68,78,83,65,77,69,83,84,100,80,60,74,76,76,86,70,68,85,79,79,101
20707,5,9,25,18,26,22,17,20,23,36,26,26,31,36,33,35,33,28,41,39,38,33,43,26,24,36,48,32,37,29,42,32,46,39,50,38,51,45,44,44,45,49,57,54,40,53,58,40,54,46,51,66,59,72,54,68
20708,3,2,5,3,5,3,10,4,9,16,12,11,12,18,15,16,12,12,16,17,19,17,16,10,22,13,13,20,14,12,26,22,16,14,19,22,23,16,17,33,25,27,25,22,11,17,23,21,24,24,25,21,23,34,36,35
20710,0,3,1,0,2,2,3,1,1,5,2,5,3,4,9,6,2,7,4,4,3,5,7,5,4,5,7,4,6,4,5,7,8,5,6,3,9,5,5,5,7,10,9,5,8,6,3,6,7,6,5,4,6,11,11,3
20711,1,1,1,3,0,1,1,1,0,1,1,0,1,0,1,1,1,0,1,4,2,3,1,1,2,2,4,0,2,2,3,3,4,6,3,3,7,4,5,2,0,3,2,3,3,2,3,3,3,4,2,1,4,5,1,2
20712,2,0,2,3,2,1,2,3,4,5,3,1,1,2,2,2,3,4,2,4,4,3,8,1,3,4,5,1,1,2,5,4,8,3,7,4,7,2,7,4,2,5,4,8,3,3,2,2,6,3,3,6,5,5,1,4
20714,1,1,3,6,4,7,2,8,5,5,0,5,8,3,4,3,3,6,9,6,5,1,5,3,6,7,9,5,4,4,7,5,11,3,3,5,1,3,3,5,3,3,6,5,3,6,7,5,2,6,6,7,12,5,11,11
20715,4,3,16,12,19,17,15,15,24,25,29,22,25,40,23,24,28,34,38,40,37,21,22,25,24,22,29,26,26,30,34,33,27,29,31,31,37,46,43,33,37,39,58,36,26,31,35,36,39,53,49,58,46,49,47,60
20716,3,6,19,18,21,22,9,20,23,37,21,26,23,30,28,33,31,30,51,41,40,25,42,32,33,39,31,35,29,30,48,47,57,38,32,38,50,55,52,47,40,47,62,47,44,47,54,47,61,55,49,65,67,48,79,70
20717,0,0,0,0,0,0,0,0,0,0,0,0,0,0,0,0,0,0,0,0,0,0,0,0,0,0,0,0,0,0,0,0,0,0,0,0,0,0,0,0,0,0,0,0,0,0,0,0,0,0,0,0,0,0,0,0
20718,0,0,0,0,0,0,0,0,0,0,0,0,0,0,0,0,0,0,0,0,0,0,0,0,0,0,0,0,0,0,0,0,0,0,0,0,0,0,0,0,0,0,0,0,0,0,0,0,0,0,0,0,0,0,0,0
20719,0,0,0,0,0,0,0,0,0,0,0,0,0,0,0,0,0,0,0,0,0,0,0,0,0,0,0,0,0,0,0,0,0,0,0,0,0,0,0,0,0,0,0,0,0,0,0,0,0,0,0,0,0,0,0,0
20720,8,7,16,15,12,13,22,16,29,27,23,32,26,35,31,35,18,42,49,37,51,36,42,38,34,42,18,22,34,39,42,30,49,34,38,40,40,50,57,48,36,55,47,37,36,42,51,44,60,43,57,57,47,64,55,73
20721,4,14,37,26,27,29,27,31,32,36,41,37,38,52,37,41,38,59,58,57,53,49,80,49,42,73,50,53,56,59,69,56,61,69,48,73,58,71,75,68,62,80,83,59,66,72,75,69,80,82,72,89,76,89,83,77
20722,2,2,4,4,3,9,3,4,5,7,6,4,5,5,8,11,6,6,12,9,13,5,4,7,10,4,7,8,6,9,14,6,6,8,9,9,7,8,5,11,8,12,16,10,10,11,14,15,13,15,15,10,10,12,16,11
20723,3,4,11,17,8,10,13,12,14,27,12,15,13,25,23,17,22,26,37,29,20,25,31,19,19,24,18,25,19,21,18,17,31,18,25,29,31,27,31,29,36,43,30,26,32,28,26,31,35,35,23,40,25,35,44,39
20724,5,2,8,9,8,2,8,8,13,17,13,10,16,19,18,20,13,17,18,22,26,14,12,16,20,19,22,25,18,20,29,25,27,25,27,21,27,27,23,33,23,31,36,36,31,34,33,24,25,39,30,35,37,31,28,41
20725,0,0,0,0,0,0,0,0,0,0,0,0,0,0,0,0,0,0,0,0,0,0,0,0,0,0,0,0,0,0,0,0,0,0,0,0,0,0,0,0,0,0,0,0,0,0,0,0,0,0,0,0,0,0,0,0
20732,0,1,4,6,9,4,8,11,7,8,2,8,11,18,12,9,10,11,18,13,18,6,12,17,9,14,16,15,9,9,16,13,19,20,15,12,22,14,16,21,14,18,22,12,13,16,12,14,20,18,13,15,19,21,22,20
20733,1,0,1,0,2,3,1,0,4,6,3,2,0,4,2,5,3,4,3,2,3,1,1,3,1,2,3,0,1,3,4,7,3,3,3,3,1,3,4,3,5,6,5,3,2,3,2,9,3,4,10,5,6,7,8,7
20734,0,0,0,0,0,0,0,0,0,0,0,0,0,1,0,0,0,1,0,0,0,0,0,1,0,0,0,0,0,0,0,0,0,0,0,0,0,0,1,0,0,0,0,0,0,0,0,0,1,0,0,0,0,0,0,1
20735,6,21,30,43,48,56,41,53,57,77,46,65,61,79,72,73,77,95,102,93,90,62,88,77,84,95,84,79,88,76,98,87,90,97,95,105,107,115,102,114,104,127,129,122,107,99,96,108,132,124,115,130,138,131,143,153
20736,2,3,3,5,2,3,2,4,4,2,2,1,3,2,4,7,4,7,8,6,6,1,5,6,7,4,2,2,7,5,7,4,5,3,3,1,8,5,7,11,13,6,14,9,8,10,9,5,5,3,3,1,5,4,10,12
20737,2,1,8,4,7,4,3,8,7,10,6,5,13,13,7,11,11,11,15,15,15,17,9,9,13,15,16,12,8,16,14,16,23,12,16,10,16,13,9,15,15,20,25,19,14,19,15,12,21,23,16,17,13,14,27,9
20740,1,2,8,7,6,9,8,6,4,10,6,8,7,11,7,9,9,5,5,12,19,11,13,7,7,13,13,12,7,10,10,12,10,11,15,11,12,13,16,20,21,20,30,21,14,14,18,16,16,17,11,25,16,22,24,20
20741,0,0,0,0,0,0,0,0,0,0,0,0,0,0,0,0,0,0,0,0,0,0,0,0,0,0,0,0,0,0,0,0,0,0,0,0,0,0,0,0,0,0,0,0,0,0,0,0,0,0,0,0,0,0,0,0
20742,0,0,0,0,0,0,0,0,0,0,0,0,0,0,0,0,0,0,0,0,0,0,0,0,0,0,0,0,0,0,0,0,0,0,0,0,0,0,0,0,0,0,0,0,0,0,0,0,0,0,0,0,0,0,0,0
20743,9,22,35,41,50,47,52,53,61,76,62,91,66,94,82,89,81,93,92,88,95,72,93,88,84,109,91,94,100,83,125,115,117,127,122,112,109,112,124,116,101,139,136,113,92,119,114,112,134,133,122,132,119,134,127,135
20744,11,19,46,39,49,47,39,55,68,93,87,87,62,97,92,93,92,101,107,98,108,82,122,87,94,114,101,103,107,98,126,130,127,123,109,119,115,125,122,123,125,139,136,132,114,121,116,127,125,123,138,127,136,144,140,143
20745,4,5,15,19,17,10,22,23,25,29,22,29,31,43,35,35,34,30,39,36,30,27,36,24,25,43,26,25,39,29,30,35,36,32,42,40,37,46,41,34,40,40,50,46,40,53,44,42,36,48,50,53,52,52,51,39
20746,1,2,26,23,17,20,15,19,24,42,35,35,39,54,40,36,32,46,56,41,44,39,35,37,44,48,46,40,41,38,46,49,48,41,48,47,46,47,51,53,34,54,68,43,45,41,48,51,71,44,58,66,63,51,60,69
20747,12,11,39,28,33,44,50,50,52,65,44,73,57,89,83,72,77,69,90,85,68,72,71,53,69,78,80,77,65,53,83,75,90,91,91,74,98,93,70,98,66,105,121,87,92,90,86,82,99,116,104,127,102,102,125,136
20748,2,15,21,38,33,27,39,45,43,71,61,63,63,76,72,67,60,85,83,80,63,60,78,69,69,86,57,68,77,57,79,66,79,78,64,62,97,81,76,95,89,100,106,71,84,73,95,90,83,101,99,99,91,111,124,91
20749,0,0,0,0,0,0,0,0,0,0,0,0,0,0,0,0,0,0,0,0,0,0,0,0,0,0,0,0,0,0,0,0,0,0,0,0,0,0,0,0,0,0,0,0,0,0,0,0,0,0,0,0,0,0,1,0
20750,0,0,0,0,0,0,0,0,0,0,0,0,0,0,0,0,0,0,0,0,0,0,0,0,0,0,0,0,0,0,0,0,0,0,0,0,0,0,0,0,0,0,0,0,0,0,0,0,0,0,0,0,0,0,0,0
20751,1,1,0,1,2,0,3,0,3,2,1,1,2,2,1,1,2,3,3,1,2,1,3,1,0,3,1,0,2,0,2,1,0,1,1,1,3,3,3,2,0,4,4,4,1,2,0,4,3,3,3,1,5,4,2,3
20754,0,1,4,2,3,1,10,5,1,3,1,3,2,2,3,3,1,0,1,2,7,4,1,4,5,3,2,3,2,1,4,5,2,1,2,3,3,2,4,0,1,3,5,3,4,7,2,5,2,1,4,6,6,10,6,8
20755,0,0,0,0,0,0,0,0,0,0,0,0,0,0,0,0,0,0,0,0,0,0,0,0,0,0,0,0,0,0,0,0,0,0,0,0,0,0,0,0,0,0,0,0,0,0,0,0,0,0,0,0,0,0,0,0
20757,0,0,0,0,0,0,0,0,0,0,0,0,0,0,0,0,0,0,0,0,0,0,0,0,0,0,0,0,0,0,0,0,0,0,0,0,0,0,0,0,0,0,0,0,0,0,0,0,0,0,0,0,0,0,0,0
20758,0,0,0,0,0,0,0,0,0,1,0,0,0,1,0,0,0,1,0,1,0,0,1,0,0,0,0,0,1,0,0,0,1,0,0,0,0,0,1,1,1,1,0,0,0,0,0,0,0,0,0,0,1,0,0,1
20759,0,0,2,0,1,1,4,1,1,0,0,1,0,0,0,2,1,2,0,3,3,3,1,4,2,4,1,1,3,2,2,1,1,1,2,2,3,2,2,1,4,3,2,2,4,3,1,0,1,3,5,3,1,0,1,3
20760,0,0,0,0,0,0,0,0,0,0,0,0,0,0,0,0,0,0,0,0,0,0,0,0,0,0,0,0,0,0,0,0,0,0,0,0,0,0,0,0,0,0,0,0,0,0,0,0,0,0,0,0,0,0,0,0
20762,0,0,0,0,0,0,0,0,0,0,0,0,0,0,0,0,0,0,0,0,0,0,0,0,0,0,0,0,0,0,0,0,0,0,0,0,0,0,0,0,0,0,0,0,0,0,0,0,0,0,0,0,0,0,0,0
20763,0,0,0,1,0,2,0,0,1,2,1,2,3,2,1,0,3,0,2,2,0,0,1,0,0,1,1,1,3,0,1,2,0,1,1,2,1,1,1,1,4,0,3,3,1,2,2,5,5,2,3,2,1,3,3,4
20764,0,1,1,1,6,2,1,2,2,4,1,4,4,7,9,4,5,6,5,6,5,6,5,7,7,10,7,6,7,5,7,6,8,10,4,9,8,6,12,9,6,10,8,7,8,7,7,6,10,7,8,4,8,11,12,10
20765,0,0,0,0,0,0,0,0,0,0,0,0,0,0,0,1,0,0,0,0,0,0,0,0,0,0,0,0,0,0,0,1,0,0,1,0,0,1,0,0,0,0,1,0,1,0,0,0,1,1,1,0,1,0,1,0
20769,3,1,3,8,5,7,3,2,5,10,6,5,10,7,6,7,4,12,16,12,9,5,10,3,8,6,11,4,10,7,12,8,12,16,8,9,9,12,12,5,10,11,14,15,9,10,11,6,10,11,10,11,10,15,15,22
20770,0,2,8,18,9,7,9,8,12,15,10,13,17,19,14,9,19,15,18,22,20,18,25,11,18,17,13,18,13,17,18,17,23,26,21,16,22,15,22,20,19,24,20,19,29,17,27,20,26,21,25,19,17,25,27,30
20771,0,0,0,0,0,0,0,0,0,0,0,0,0,0,0,0,0,0,0,0,0,0,0,0,0,0,0,0,0,0,0,0,0,0,0,0,0,0,0,0,0,0,0,0,0,0,0,0,0,0,0,0,0,0,0,0
20772,16,27,56,62,53,58,60,65,88,110,84,103,102,123,113,112,127,113,136,118,119,98,132,102,119,154,135,125,106,117,144,132,157,153,162,143,183,177,179,180,164,184,236,196,175,169,183,193,197,199,223,215,203,217,230,209
20773,0,0,0,0,0,0,0,0,0,0,0,0,0,0,0,0,0,0,0,0,0,0,0,0,0,0,0,0,0,0,0,0,0,0,0,0,0,0,0,0,0,0,0,0,0,0,0,0,0,0,0,0,0,0,0,0
20774,5,22,47,61,58,47,55,54,68,114,74,73,83,93,110,95,109,126,136,118,123,86,112,113,118,131,121,115,102,111,122,125,149,136,133,117,152,156,122,146,136,147,185,151,133,151,133,143,159,166,144,170,163,179,183,180
20776,2,0,1,0,0,0,1,0,2,2,0,0,1,3,0,0,1,1,3,3,2,1,1,2,1,1,2,1,2,1,0,1,1,0,1,1,1,2,2,3,3,2,3,2,1,3,2,2,2,3,3,1,1,2,0,2
20777,0,2,2,2,1,0,1,0,0,1,0,1,1,0,1,2,1,2,2,0,1,1,1,0,1,0,2,0,1,0,1,3,0,1,1,3,1,0,1,0,1,0,0,1,0,0,1,1,3,3,2,3,3,2,2,1
20778,0,0,0,1,1,0,1,1,0,0,3,0,1,0,2,1,0,1,1,1,2,1,2,1,1,1,1,1,1,1,1,2,2,3,2,1,1,0,1,5,2,0,1,3,1,1,2,4,2,3,0,1,0,2,0,1
20779,0,0,0,0,0,0,1,1,0,1,1,1,1,0,0,0,0,0,2,0,0,0,0,0,1,0,0,0,2,1,1,1,2,1,2,1,1,1,1,2,1,1,1,1,1,0,2,1,1,1,1,1,2,3,1,2
20780,0,0,0,0,0,0,0,0,0,0,0,0,0,0,0,0,0,0,0,0,0,0,0,0,0,0,0,0,0,0,0,0,0,0,0,0,0,0,0,0,0,0,0,0,0,0,0,0,0,0,0,0,0,0,0,0
20781,0,4,2,4,5,7,5,6,6,8,5,6,7,10,6,14,8,12,11,5,6,5,7,9,5,7,10,6,10,11,12,10,9,5,9,4,6,10,7,8,5,8,8,14,7,7,11,9,5,8,7,8,6,9,8,13
20782,3,5,7,13,9,10,15,12,15,18,23,17,13,17,13,23,16,13,22,17,21,19,25,16,15,27,18,19,25,19,25,28,17,16,26,18,29,23,22,32,20,24,32,28,25,19,23,22,26,17,21,28,17,25,24,20
20783,2,4,15,23,15,16,12,17,21,25,22,20,17,27,30,37,31,23,33,41,27,24,33,19,14,31,24,23,23,18,32,22,35,34,28,29,28,30,40,30,29,37,41,38,23,36,38,31,26,48,34,37,29,45,31,32
20784,5,12,16,21,19,18,15,20,21,37,31,29,26,35,22,33,20,33,33,49,37,22,33,24,29,48,27,39,35,29,38,37,32,32,42,25,44,42,35,47,32,33,45,40,35,37,43,44,39,46,47,52,35,41,34,46
20785,11,17,17,19,24,30,34,50,45,61,40,49,54,60,71,46,44,54,50,59,54,44,47,53,46,56,50,52,46,43,54,47,48,52,61,52,60,66,72,80,57,73,79,67,71,74,68,78,66,83,72,90,87,110,80,84
20787,0,0,0,0,0,0,0,0,0,0,0,0,0,0,0,0,0,0,0,0,0,0,0,0,0,0,0,0,0,0,0,0,0,0,0,0,0,0,0,0,0,0,0,0,0,0,0,0,0,0,0,0,0,0,0,0
20788,0,0,0,0,0,0,0,0,0,0,0,0,0,0,0,0,0,0,0,0,0,0,0,0,0,0,0,0,0,0,0,0,0,0,0,0,0,0,0,0,0,0,0,0,0,0,0,0,0,0,0,0,0,0,0,0
20794,1,3,3,5,5,5,6,11,4,3,4,7,8,12,8,6,5,9,16,7,10,5,11,10,8,13,7,9,7,11,9,11,11,8,9,14,13,13,16,12,11,19,22,10,6,3,5,12,17,11,19,10,13,11,12,9
20812,0,0,0,0,0,0,0,0,0,0,0,1,0,0,0,0,0,0,0,0,0,0,0,0,0,0,0,0,0,0,0,0,0,0,0,0,0,0,0,0,0,0,0,0,0,0,0,0,1,0,0,1,0,0,0,0
20814,2,1,3,3,1,0,6,5,1,5,5,8,1,2,6,3,4,2,9,2,3,3,8,6,3,3,6,5,6,2,4,3,3,3,6,6,6,5,7,7,6,8,4,2,2,10,9,7,8,5,7,3,7,10,7,4
20815,2,0,0,0,2,2,3,2,3,4,6,5,8,7,5,1,1,2,4,3,3,3,8,7,3,4,5,0,5,5,4,3,10,4,5,0,14,5,5,3,9,6,6,5,1,5,4,4,7,14,9,3,4,9,5,1
20816,0,1,0,2,1,2,1,1,2,0,0,1,1,1,0,0,1,3,1,0,3,4,1,1,1,2,2,2,2,1,3,2,2,2,2,0,4,4,2,2,1,0,5,0,4,1,3,3,3,3,0,1,0,3,2,1
20817,1,2,2,5,5,8,5,6,6,5,3,2,3,6,2,3,5,2,6,9,6,3,7,4,3,6,4,1,4,1,3,8,9,6,4,3,6,10,3,4,5,5,7,6,7,6,4,3,6,4,4,7,4,6,4,11
20818,0,0,0,0,1,0,2,0,0,1,0,0,1,2,2,0,0,1,1,0,1,0,2,1,0,0,2,1,0,0,2,0,1,1,0,0,0,0,1,1,0,3,1,0,1,0,0,0,0,0,0,1,1,0,1,0
20820,0,0,0,0,0,0,0,0,0,0,0,0,0,0,0,0,0,0,0,0,0,0,0,0,0,0,0,0,0,0,0,0,0,0,0,0,0,0,0,0,0,0,0,0,0,0,0,0,0,0,0,1,0,0,0,0
20825,0,0,0,0,0,0,0,0,0,0,0,0,0,0,0,0,0,0,0,0,0,0,0,0,0,0,0,0,0,0,0,0,0,0,0,0,0,0,0,0,0,0,0,0,0,0,0,0,0,0,0,0,0,0,0,0
20827,0,0,0,0,0,0,0,0,0,0,0,0,0,0,0,0,0,0,0,0,0,0,0,0,0,0,0,0,0,0,0,0,0,0,0,0,0,0,0,0,0,0,0,0,0,0,0,0,0,0,0,0,0,0,0,0
20832,2,1,7,6,5,6,11,3,8,9,8,14,4,8,11,9,12,9,12,5,13,10,14,8,13,13,9,11,12,18,10,12,10,12,21,12,15,16,18,14,17,13,16,11,13,23,16,11,9,15,13,13,15,20,16,20
20833,0,1,5,2,5,0,1,2,3,3,4,2,5,3,6,5,3,3,3,6,4,0,5,1,2,3,4,4,1,0,3,6,7,3,5,5,5,3,6,4,3,4,3,4,5,2,3,2,4,2,5,2,2,4,2,4
20837,0,2,3,0,2,1,3,2,4,3,2,3,0,3,3,3,2,4,2,4,4,5,4,6,5,3,3,3,3,3,1,2,2,2,1,5,4,3,5,1,6,8,3,8,4,1,4,3,3,6,4,5,3,5,4,6
20838,0,0,0,0,0,0,0,0,0,0,0,0,0,0,0,0,0,0,0,0,0,0,0,0,0,0,0,0,0,0,0,0,0,0,0,0,0,0,0,0,0,0,0,0,0,0,0,0,0,0,0,0,0,0,0,0
20839,0,0,0,0,0,0,0,0,0,0,0,0,0,0,1,0,0,0,0,0,0,0,0,0,0,0,0,0,0,1,0,0,1,0,0,0,0,0,0,0,0,0,0,0,0,0,0,0,0,0,0,0,0,1,0,0
20841,1,1,1,2,5,3,3,6,6,7,7,3,3,2,0,2,2,0,3,2,2,2,6,0,4,3,5,6,5,6,4,4,9,3,4,3,4,4,3,3,3,6,4,4,7,2,2,5,5,4,10,4,7,3,7,7
20842,0,0,1,1,2,0,1,0,0,2,1,2,0,2,0,1,1,1,1,0,0,2,0,1,0,0,1,1,3,2,2,1,2,2,1,2,1,4,1,2,1,1,2,2,1,2,0,0,1,0,2,1,2,2,0,2
20847,0,0,0,0,0,0,0,0,0,0,0,0,0,0,0,0,0,0,0,0,0,0,0,0,0,0,0,0,0,0,0,0,0,0,0,0,0,0,0,0,0,0,0,0,0,0,0,0,0,0,0,0,0,0,0,0
20848,0,0,0,0,0,0,0,0,0,0,0,0,0,0,0,0,0,0,0,0,0,0,0,0,0,0,0,0,0,0,0,0,0,0,0,0,0,0,0,0,0,0,0,0,0,0,0,0,0,0,0,0,0,0,0,0
20850,0,4,12,9,5,4,5,5,9,9,4,8,4,12,6,13,15,7,9,6,14,5,11,9,12,9,7,11,11,12,14,8,14,10,9,11,10,18,15,14,11,15,11,20,13,15,12,14,14,9,11,19,11,15,20,14
20851,1,1,5,8,3,6,7,2,5,8,7,6,5,7,8,10,9,5,6,4,11,4,11,6,7,6,6,11,10,6,11,12,7,7,8,6,9,6,7,7,8,12,10,9,8,9,3,6,13,9,5,7,8,10,3,8
20852,1,3,4,9,5,8,5,2,5,12,6,5,8,10,11,12,8,4,8,5,9,4,10,5,8,13,6,8,6,8,9,10,12,8,12,10,14,11,15,21,14,11,14,10,14,21,15,14,11,10,15,12,12,12,14,10
20853,5,6,5,14,6,8,8,6,7,10,4,12,10,21,8,19,16,16,17,14,15,14,10,12,17,17,10,9,5,7,8,14,8,15,15,18,7,13,21,13,16,15,25,19,16,16,12,8,17,18,13,20,21,21,12,18
20854,4,1,5,7,3,5,10,8,10,15,5,5,8,12,7,12,10,14,15,7,8,16,12,14,9,12,6,13,9,8,16,10,15,16,13,13,12,15,11,19,15,17,9,13,8,10,9,10,16,13,11,17,17,23,12,15
20855,1,0,2,3,5,4,7,5,3,4,7,5,6,8,4,7,4,8,5,5,3,4,12,5,2,6,5,8,6,5,7,4,6,15,13,14,8,14,7,8,5,6,13,11,14,9,10,8,11,8,11,11,9,14,12,8
20856,0,0,0,0,0,0,0,0,0,0,0,0,0,0,0,0,0,0,0,0,0,0,0,0,0,0,0,0,0,0,0,0,0,0,0,0,0,0,0,0,0,0,0,0,0,0,0,0,0,0,0,0,0,0,0,0
20857,0,0,0,0,0,0,0,0,0,0,0,0,0,0,0,0,0,0,0,0,0,0,0,0,0,0,0,0,0,0,0,0,0,0,0,0,0,0,0,0,0,0,0,0,0,0,0,0,0,0,0,0,0,0,0,0
20860,0,0,0,0,0,1,1,0,0,2,0,2,0,0,0,0,0,2,0,1,2,0,2,1,1,0,0,0,1,0,3,1,2,0,3,3,1,3,4,3,6,2,0,1,1,2,2,1,1,0,1,1,0,0,2,0
20861,0,1,1,0,0,0,2,0,0,4,0,0,1,1,2,2,2,22,3,3,1,1,0,1,2,2,2,3,2,4,5,4,3,6,3,5,5,4,4,5,4,0,1,0,1,3,4,2,1,4,1,4,1,1,4,1
20862,0,0,0,0,0,0,0,0,0,0,0,0,0,0,0,0,0,0,0,0,0,0,1,0,0,0,0,0,0,0,1,0,0,0,0,0,1,0,0,0,0,0,0,0,0,0,0,0,0,0,0,0,0,0,0,0
20863,0,0,0,0,0,0,0,0,0,0,0,0,0,0,0,0,0,0,0,0,0,0,0,0,0,0,0,0,0,0,0,0,0,0,0,0,0,0,0,0,0,0,0,0,0,0,0,0,0,0,0,0,0,0,0,1
20866,3,3,6,10,8,7,7,4,8,8,10,4,12,10,9,12,15,13,8,12,16,12,21,10,10,13,9,17,13,11,18,16,17,20,16,17,23,23,18,18,16,24,37,21,21,22,25,12,20,15,24,19,21,20,18,21
20868,0,2,0,0,0,0,0,0,1,0,0,0,1,1,0,0,0,0,0,0,0,0,0,1,0,0,0,0,0,0,0,0,0,0,0,0,0,0,0,0,0,0,1,0,0,0,0,0,0,0,0,0,0,0,1,0
20871,3,5,3,5,8,2,7,8,14,12,15,13,12,17,14,14,21,18,20,15,24,16,22,9,10,16,23,19,12,16,14,23,23,23,22,20,22,19,17,27,20,24,26,29,26,11,22,18,11,18,18,24,26,22,16,29
20872,0,1,3,6,1,2,6,9,4,5,7,5,5,7,6,7,5,4,8,7,3,6,2,4,8,6,8,8,9,10,13,11,13,16,13,12,15,21,16,14,12,15,19,13,8,13,17,12,16,13,17,10,11,12,16,22
20873,0,0,0,0,0,0,0,0,0,0,0,0,0,0,0,0,0,0,0,0,0,0,0,0,0,0,0,0,0,0,0,0,0,0,0,0,0,0,0,0,0,0,0,0,0,0,0,0,0,0,1,0,0,0,0,0
20874,11,14,31,22,38,18,32,22,37,52,36,38,35,39,39,40,39,38,50,46,64,29,44,37,44,53,52,46,37,46,58,40,46,43,55,48,56,61,45,48,56,59,59,62,51,61,40,44,49,63,65,69,51,61,72,62
20875,0,0,0,0,0,0,0,0,0,0,0,0,0,0,0,0,0,0,0,0,0,0,0,0,0,0,0,0,0,0,0,0,0,0,0,0,0,0,0,0,0,0,0,0,0,0,0,0,0,0,0,0,0,0,0,0
20876,4,2,12,11,10,8,11,11,8,11,12,18,9,15,12,10,8,12,17,16,17,17,9,21,13,16,12,13,15,20,22,14,21,15,11,14,19,16,11,22,12,20,25,19,16,26,21,15,18,24,15,10,17,23,30,20
20877,1,2,5,5,3,7,10,9,8,15,16,8,12,16,17,17,14,20,21,13,8,9,14,13,15,10,15,16,8,10,23,23,27,15,9,15,24,16,23,19,27,22,20,15,14,20,25,23,14,20,15,12,13,18,20,22
20878,4,7,10,19,8,8,18,15,16,12,13,14,15,15,20,15,23,25,21,22,25,20,35,11,15,18,24,17,14,18,20,29,21,22,21,28,26,25,19,20,24,25,24,22,30,30,23,37,29,30,32,36,31,38,29,34
20879,7,6,13,15,10,15,19,19,20,25,25,23,24,30,18,31,28,25,34,23,30,25,36,26,17,24,40,22,27,22,39,34,42,30,36,26,38,39,25,35,20,39,44,38,32,38,34,29,37,33,41,35,31,36,36,28
20880,0,0,0,1,0,0,0,1,1,0,0,0,0,0,0,0,0,0,1,0,0,0,0,0,0,1,0,0,0,0,0,0,0,0,0,1,0,0,1,0,0,1,0,0,1,0,0,0,0,0,0,0,0,1,0,0
20882,1,3,3,3,2,1,2,4,3,6,5,4,4,6,9,7,13,9,9,13,7,8,15,8,3,12,10,11,7,5,9,11,8,8,7,7,11,8,10,17,7,9,15,8,4,10,11,13,10,8,7,11,10,14,11,13
20886,8,4,12,17,7,12,11,12,16,24,12,16,8,18,14,16,17,25,22,30,17,22,23,16,16,22,15,22,22,25,23,20,26,38,22,29,35,27,24,26,22,27,31,22,22,29,27,25,31,22,29,35,29,33,35,34
20889,0,0,0,0,0,0,0,0,0,0,0,0,0,0,0,0,0,0,0,0,0,0,0,0,0,0,0,0,0,0,0,0,0,0,0,0,0,0,0,0,0,0,0,0,0,0,0,0,0,0,0,0,0,0,0,0
20892,0,0,0,0,0,0,0,0,0,0,0,0,0,0,0,0,0,0,0,0,0,0,0,0,0,0,0,0,0,0,0,0,0,0,0,0,0,0,0,0,0,0,0,0,0,0,0,0,0,0,0,0,0,0,0,0
20894,0,0,0,0,0,0,0,0,0,0,0,0,0,0,0,0,0,0,0,0,0,0,0,0,0,0,0,0,0,0,0,0,0,0,0,0,0,0,0,0,0,0,0,0,0,0,0,0,0,0,0,0,0,0,0,0
20895,5,0,3,5,6,2,2,1,7,3,1,4,3,5,6,6,3,5,3,5,2,1,6,2,7,1,3,5,3,4,3,2,6,3,5,6,9,7,6,5,9,6,9,4,10,5,7,6,8,12,9,9,7,4,6,5
20896,0,0,0,0,0,0,0,0,0,0,0,0,0,0,0,1,0,0,0,0,0,0,1,0,0,0,0,0,0,0,0,1,0,0,0,0,0,0,0,0,0,0,0,0,0,0,0,0,1,0,0,0,0,0,0,0
20898,0,0,0,0,0,0,0,0,0,0,0,0,0,0,0,0,0,0,0,0,0,0,0,0,0,0,0,0,0,0,0,0,0,0,0,0,0,0,0,0,0,0,0,0,0,0,0,0,0,0,0,0,0,0,0,0
20899,0,0,0,0,0,0,0,0,0,0,0,0,0,0,0,0,0,0,0,0,0,0,0,0,0,0,0,0,0,0,0,0,0,0,0,0,0,0,0,0,0,0,0,0,0,0,0,0,0,0,0,0,0,0,0,0
20901,3,3,4,12,7,9,14,9,11,16,18,11,9,12,17,8,9,19,11,15,17,11,14,9,6,17,6,11,10,9,19,6,17,16,10,11,10,17,10,13,14,17,26,23,18,17,16,10,17,18,13,17,13,23,16,19
20902,4,8,6,14,9,9,6,11,10,28,19,24,18,22,20,18,14,14,16,16,30,15,22,16,14,17,20,13,16,18,26,21,22,22,21,22,31,29,19,25,22,31,24,25,28,16,26,29,28,31,22,33,27,33,27,30
20903,0,4,3,4,6,8,5,6,5,9,7,8,4,6,4,8,7,10,8,8,12,6,5,6,9,6,6,10,3,13,13,9,10,7,7,11,12,16,4,5,8,14,14,9,9,17,9,12,13,9,12,5,10,9,10,12
20904,5,9,22,14,15,14,19,14,28,26,20,24,18,35,20,34,31,28,21,29,27,22,37,19,20,34,24,27,22,20,28,24,32,35,29,37,33,40,40,42,40,29,48,26,32,37,47,48,46,53,52,50,45,43,45,51
20905,0,0,5,8,8,7,3,2,5,3,8,7,6,16,9,19,11,9,9,7,10,11,13,10,10,12,5,9,9,8,8,8,8,16,3,9,12,12,13,17,9,15,18,11,11,13,13,13,17,14,18,16,12,13,15,17
20906,7,11,19,24,22,16,29,26,23,29,31,23,30,42,33,33,25,42,44,32,23,38,32,34,24,27,28,34,31,40,44,36,43,42,39,38,47,34,48,43,42,49,59,39,34,42,50,50,42,55,51,41,51,49,54,64
20907,0,0,0,0,0,0,0,0,0,0,0,0,0,0,0,0,0,0,0,0,0,0,0,0,0,0,0,0,0,0,0,0,0,0,0,0,0,0,0,0,0,0,0,0,0,0,0,0,0,0,0,0,0,0,0,0
20910,0,1,8,3,5,2,6,3,6,5,7,1,10,10,7,9,5,7,7,9,7,11,10,2,7,10,4,9,8,11,8,6,11,10,11,10,9,10,9,13,5,8,10,6,4,7,8,10,11,10,11,7,7,12,11,14
20912,1,2,4,7,6,4,2,3,3,10,2,5,4,11,9,9,3,12,9,7,24,6,7,7,7,7,6,5,12,8,10,7,8,13,7,4,14,13,9,14,7,8,13,10,10,12,11,15,19,7,18,14,9,14,10,14
20913,0,0,0,0,0,0,0,0,0,0,0,0,0,0,0,0,0,0,0,0,0,0,0,0,0,0,0,0,0,0,0,0,0,0,0,0,0,0,0,0,0,0,0,0,0,0,0,0,0,0,0,0,0,0,0,0
20918,0,0,0,0,0,0,0,0,0,0,0,0,0,0,0,0,0,0,0,0,0,0,0,0,0,0,0,0,0,0,0,0,0,0,0,0,0,0,0,0,0,0,0,0,0,0,0,0,0,0,0,0,0,0,0,0
20956,0,0,0,0,0,0,0,0,0,0,0,0,0,0,0,0,0,0,0,0,0,0,0,0,0,0,0,0,0,0,0,0,0,0,0,0,0,0,0,0,0,0,0,0,0,0,0,0,0,0,0,0,0,0,0,0
20967,0,0,0,0,0,0,0,0,0,0,0,0,0,1,0,0,0,0,0,0,1,0,0,0,0,0,0,0,0,0,0,0,0,0,0,0,0,0,0,0,0,0,0,0,0,0,0,0,0,0,0,0,0,0,0,0
21000,0,1,0,0,0,0,0,0,0,0,0,0,0,0,0,0,0,0,0,0,0,0,0,0,0,0,0,0,0,0,0,0,0,0,0,0,0,0,0,0,0,0,0,0,0,0,0,0,0,0,0,0,0,0,0,0
21001,3,6,13,19,19,23,16,18,23,37,22,26,25,32,30,34,40,31,46,49,28,26,25,28,31,44,27,31,35,32,37,39,33,31,33,30,40,47,29,28,32,43,54,47,34,41,45,38,26,38,43,49,42,55,41,65
21005,0,0,0,0,0,0,0,0,0,0,0,0,0,0,0,0,0,0,0,0,0,0,0,0,0,0,0,0,0,0,0,0,0,0,0,0,0,0,0,0,0,0,0,0,0,0,0,0,0,0,0,0,0,0,0,0
21009,3,5,14,15,21,14,25,19,15,33,26,24,21,24,30,40,38,37,45,45,46,19,39,27,30,53,37,34,24,30,50,24,38,31,31,42,54,35,43,44,32,44,45,34,38,41,36,28,37,44,40,44,48,39,41,43
21010,0,0,0,0,0,0,0,0,0,0,0,0,0,0,0,0,0,0,0,0,0,0,0,0,0,0,0,0,0,0,0,0,0,0,0,0,0,0,0,0,0,0,0,0,0,0,0,0,0,0,0,0,0,0,0,0
21012,0,2,2,11,4,9,6,10,7,7,12,13,7,11,16,7,8,10,23,16,20,14,14,15,11,21,10,8,10,10,11,16,19,11,16,11,13,9,10,8,15,9,9,10,14,11,14,7,11,15,12,11,16,16,14,15
21013,0,0,0,1,0,0,0,0,1,0,2,1,0,0,0,2,0,1,1,1,2,1,5,0,0,1,0,1,2,1,0,0,3,1,1,1,0,0,0,0,1,1,2,1,1,2,3,1,1,1,1,0,1,2,2,0
21014,3,4,6,10,15,6,13,8,15,22,16,20,15,24,14,32,16,22,25,27,33,21,24,16,19,23,15,15,17,23,19,22,29,29,22,22,29,22,23,23,34,29,27,29,21,30,24,26,30,40,31,36,24,32,27,33
21015,1,3,12,7,12,12,9,11,7,17,13,13,19,21,21,17,22,23,17,23,18,20,11,18,18,25,16,21,11,10,13,20,19,20,29,24,26,26,29,29,24,25,31,27,16,21,21,25,25,25,18,25,23,25,32,30
21016,0,0,0,0,0,0,0,0,0,0,0,0,0,0,0,0,0,0,0,0,0,0,0,0,0,0,0,0,0,0,0,0,0,0,0,0,0,0,0,0,0,0,0,0,0,0,0,0,0,0,0,0,0,0,0,0
21017,0,2,7,3,4,4,5,5,2,11,9,8,4,7,7,8,6,7,6,11,6,4,13,4,4,9,8,12,9,12,8,11,7,3,17,8,13,17,7,6,10,12,12,11,5,12,7,8,12,10,7,11,10,16,13,11
21023,0,0,0,0,0,0,0,0,0,0,0,0,0,0,0,0,0,0,0,0,0,0,0,0,0,0,0,0,0,0,0,0,0,0,0,0,0,0,1,0,0,0,0,0,0,0,0,0,0,0,0,0,0,0,0,0
21025,0,0,0,0,0,0,0,0,0,0,0,0,0,0,0,0,0,0,0,0,0,0,0,0,0,0,0,0,0,0,0,0,0,0,0,0,0,0,0,0,0,0,0,0,0,0,0,0,0,0,0,0,0,0,0,0
21028,0,2,0,1,2,0,2,1,0,0,0,2,1,1,1,2,2,3,4,0,2,1,3,2,2,7,0,3,1,1,0,1,4,4,5,3,2,2,0,2,3,3,1,3,1,1,2,2,3,3,4,1,1,3,4,1
21029,0,1,2,4,3,0,2,2,2,0,1,3,0,5,1,2,1,0,3,5,2,1,1,1,2,2,3,4,1,1,2,2,2,3,2,1,1,6,2,5,4,5,0,1,2,2,2,4,3,3,2,1,2,2,4,1
21030,0,3,4,5,3,6,2,3,6,8,7,4,8,6,10,11,2,6,6,7,11,9,8,10,7,4,8,4,6,6,5,11,4,6,10,8,7,7,8,5,7,6,8,6,5,5,2,6,9,9,10,4,7,7,7,14
21031,0,0,0,0,0,0,0,0,0,0,0,0,0,0,0,0,0,0,0,0,0,0,0,0,0,0,0,0,0,0,0,0,0,0,0,0,0,0,0,0,0,0,0,0,0,0,0,0,0,0,0,0,0,0,0,0
21032,1,1,2,4,1,3,1,2,5,3,3,4,3,5,6,6,6,5,3,1,8,8,3,3,6,3,3,3,4,4,6,8,3,8,5,4,4,8,3,3,2,7,3,5,5,2,3,8,6,5,5,3,6,6,5,5
21034,0,0,0,1,3,2,4,0,5,6,2,0,1,4,3,2,3,0,0,4,8,4,2,2,4,4,3,2,7,5,4,5,3,3,2,7,4,3,5,5,4,6,5,4,5,4,5,2,2,2,2,6,6,3,6,10
21035,0,1,3,1,0,2,5,2,0,3,3,2,3,4,3,3,3,3,1,1,8,1,3,1,2,1,4,3,1,5,3,2,5,2,2,3,3,2,5,4,4,4,5,9,5,5,5,4,3,5,7,2,5,6,5,6
21036,0,0,0,0,0,0,0,0,0,2,1,0,0,0,2,0,0,2,1,0,0,0,1,1,0,0,0,1,0,0,0,2,0,0,0,0,0,1,0,1,0,0,0,2,1,1,1,1,1,1,2,1,1,1,2,3
21037,0,1,10,9,5,3,8,6,9,9,6,7,12,13,11,14,12,9,20,17,17,12,19,9,14,15,11,11,12,14,15,17,16,18,14,14,23,17,19,18,17,15,18,17,10,18,14,18,19,18,21,8,22,18,10,15
21040,4,6,21,22,17,19,28,30,25,34,30,40,34,46,35,37,29,51,43,42,43,36,41,36,41,41,40,43,37,36,53,44,48,33,49,42,43,43,57,46,38,46,57,50,35,42,47,49,57,49,54,80,48,59,63,59
21042,1,5,3,7,2,7,8,6,9,4,7,6,8,10,11,11,10,4,12,10,5,6,8,5,8,10,10,15,10,5,14,4,6,22,12,10,12,11,14,17,12,11,22,15,13,14,14,11,13,12,12,10,17,14,15,14
21043,1,5,4,8,8,4,9,9,7,13,9,8,6,13,11,13,6,16,6,10,13,6,10,12,6,13,10,11,9,10,13,7,11,18,17,10,15,16,15,10,14,11,20,15,16,10,11,11,13,18,13,15,15,16,18,15
21044,2,9,14,14,14,14,11,13,18,33,33,27,13,20,18,23,20,22,24,21,25,24,20,19,21,21,18,23,28,21,34,23,28,23,25,27,23,26,27,31,35,48,39,33,26,24,35,33,27,29,20,34,32,33,44,30
21045,5,8,23,13,14,11,14,14,18,24,20,24,18,26,26,20,25,26,29,28,27,14,33,19,21,34,29,27,22,23,32,26,32,25,25,30,24,40,33,31,45,36,50,31,26,34,37,30,35,41,38,34,36,32,42,36
21046,2,4,3,4,2,3,3,5,5,6,5,7,4,10,5,4,6,10,11,4,2,4,12,9,9,8,9,8,7,6,10,6,8,5,8,8,11,4,11,11,7,9,13,14,10,10,7,11,16,9,16,7,10,14,11,13
21047,0,1,2,3,6,3,3,1,2,5,4,6,6,12,4,7,6,5,5,10,10,6,5,6,4,8,5,7,6,3,5,9,6,6,7,4,4,5,5,5,4,6,17,8,10,6,7,8,7,8,2,5,4,7,4,9
21048,1,2,4,4,5,5,3,5,7,2,7,8,8,7,4,8,7,14,8,8,12,5,7,5,9,9,5,8,5,6,10,8,11,11,11,13,12,15,10,14,7,11,10,13,10,9,7,10,15,11,10,10,14,8,6,8
21050,1,3,8,11,1,5,4,1,7,5,11,11,4,9,6,10,11,8,12,8,11,6,8,6,10,11,8,4,8,10,12,5,8,12,9,7,8,6,10,8,13,11,10,9,6,8,10,10,13,10,6,20,6,19,6,10
21051,0,0,0,0,0,0,0,0,0,1,1,0,0,0,0,0,0,0,0,0,1,0,0,0,0,0,1,0,0,0,0,0,0,0,0,0,0,1,1,0,0,1,0,0,0,0,0,0,0,0,0,0,0,1,0,0
21052,0,0,0,0,0,0,0,0,0,0,0,1,0,0,0,1,0,1,0,6,3,3,3,0,0,1,0,0,0,2,1,0,0,2,1,0,0,1,5,1,0,0,1,2,0,1,1,0,0,2,0,3,0,1,1,1
21053,0,1,0,3,0,2,1,1,1,2,1,3,5,4,1,2,0,1,2,3,2,0,1,0,2,3,4,2,3,1,2,4,3,1,2,2,1,5,1,3,1,1,2,2,3,3,3,2,4,6,4,4,1,3,0,1
21054,0,1,4,4,6,5,2,11,5,5,5,5,4,5,9,12,5,4,7,4,5,4,8,7,6,9,7,8,5,3,2,5,5,9,9,11,6,8,9,9,7,11,8,11,7,8,8,4,9,7,7,6,7,4,5,8
21056,0,0,0,0,0,0,0,0,0,0,0,0,0,0,0,0,0,0,1,0,0,0,0,2,2,0,1,2,0,0,0,0,1,0,0,0,0,0,0,0,0,0,0,1,0,0,0,0,0,0,0,0,0,0,0,0
21057,2,0,0,1,0,1,1,1,1,0,3,0,2,0,2,1,0,0,2,3,1,2,0,2,0,0,0,1,1,0,2,0,2,2,2,1,2,4,0,2,1,2,4,2,1,2,5,1,2,0,0,2,2,1,3,4
21060,7,8,28,26,26,24,25,25,36,44,36,44,41,56,53,54,50,50,66,62,51,46,58,47,52,65,46,58,46,42,74,65,60,54,58,56,69,62,66,60,46,63,78,73,67,65,48,67,78,77,65,81,66,76,85,89
21061,5,16,38,27,22,29,27,32,38,53,38,55,50,52,48,43,45,63,83,56,58,50,54,55,39,57,45,45,49,35,70,52,46,76,58,58,63,82,54,67,67,71,77,63,53,61,72,63,68,80,72,75,65,77,80,85
21064,0,0,0,0,0,0,0,0,0,0,0,0,0,0,0,0,0,0,0,0,0,0,0,0,0,0,0,0,0,0,0,0,0,0,0,0,0,0,0,0,0,0,0,0,0,0,0,0,0,0,0,0,0,0,0,0
21071,0,0,1,0,0,0,0,1,0,1,0,0,0,1,1,1,1,0,0,0,1,0,0,0,1,0,1,0,0,1,0,0,1,0,1,2,1,1,1,2,1,0,0,1,0,1,1,1,0,2,0,1,1,0,1,1
21074,1,2,4,6,7,12,7,8,10,14,12,13,16,13,13,18,14,15,19,12,16,10,16,6,9,13,12,10,18,13,13,4,7,13,11,15,19,26,16,14,13,23,24,14,20,15,17,11,15,14,19,19,23,19,24,24
21075,2,1,3,7,11,14,9,13,4,21,14,18,16,21,13,18,14,18,23,19,21,15,15,14,14,16,17,13,13,19,25,23,22,25,24,19,27,28,33,27,17,28,27,23,23,14,28,26,21,29,32,24,28,31,32,34
21076,2,1,4,9,10,4,10,11,6,8,9,10,14,14,10,24,15,10,23,28,12,14,24,13,20,17,17,14,14,16,27,20,21,18,26,18,20,22,20,16,25,24,36,25,28,23,29,24,31,34,29,25,23,33,32,36
21077,0,0,0,0,0,0,2,0,0,0,0,0,0,0,0,0,0,0,0,0,0,1,1,0,1,1,0,0,0,2,1,2,1,1,0,0,0,0,1,0,0,0,1,0,0,1,0,1,0,0,0,0,0,0,1,0
21078,3,2,10,14,12,9,9,16,10,14,14,18,15,23,21,22,22,19,22,19,14,13,17,14,11,17,17,23,14,22,23,24,28,19,21,14,18,21,23,21,21,23,35,17,18,22,24,24,28,33,21,23,26,23,33,34
21082,0,0,0,1,0,0,0,0,0,0,0,0,0,0,0,0,1,1,0,1,2,1,2,0,1,1,1,1,0,1,2,2,0,1,3,2,1,3,2,2,1,2,1,0,1,2,3,1,0,0,1,0,1,0,0,2
21084,0,0,2,2,3,1,3,1,3,1,3,5,5,4,5,3,4,2,4,3,3,4,3,7,4,6,8,6,5,1,7,3,1,4,5,3,6,5,3,3,5,7,8,2,7,9,7,7,2,5,5,5,4,6,6,5
21085,4,6,9,11,15,9,10,10,21,26,21,21,13,19,15,28,17,26,21,25,14,25,24,23,18,19,19,13,17,16,19,25,20,16,20,22,23,32,21,29,21,32,32,22,25,27,27,26,31,32,38,40,34,23,40,32
21087,1,0,0,2,1,1,0,2,0,0,1,5,1,7,4,5,6,4,3,3,8,3,5,4,3,2,2,2,5,5,4,4,5,4,7,5,3,3,5,5,4,4,7,2,1,2,4,0,2,3,4,4,4,3,7,4
21090,2,1,1,6,4,6,3,4,3,4,4,3,6,4,5,3,3,2,9,8,11,5,5,6,8,7,12,3,5,3,10,3,8,12,9,7,8,7,14,12,8,11,9,3,7,4,7,6,8,10,14,7,8,5,11,10
21093,2,3,9,4,8,10,10,7,8,13,11,8,5,10,8,10,13,11,13,10,7,9,20,14,13,14,14,11,14,13,13,14,16,12,16,11,15,16,17,13,16,17,15,20,14,15,15,13,18,11,20,16,11,11,20,16
21094,0,0,0,0,0,0,0,0,0,0,0,0,0,0,0,0,0,0,0,0,0,0,0,0,0,0,0,0,0,0,0,0,0,0,0,0,0,0,0,0,0,0,0,0,0,0,0,0,0,0,0,0,0,0,0,0
21101,0,0,0,0,0,0,0,0,0,0,0,0,0,0,0,0,0,0,0,0,0,0,0,0,0,0,0,0,0,0,0,0,0,0,0,0,0,0,0,0,0,0,0,0,0,0,0,0,0,0,0,0,0,0,0,0
21102,1,2,10,8,5,8,2,5,10,13,5,6,7,13,12,8,8,14,17,19,18,11,11,8,16,10,9,9,8,15,17,7,9,9,10,15,14,20,9,5,23,15,17,14,8,14,10,9,18,14,17,17,24,16,17,10
21104,0,1,1,1,0,0,0,3,0,0,0,0,0,3,0,0,1,2,0,5,0,7,3,2,1,5,3,0,1,1,2,2,3,0,2,2,3,0,0,4,2,4,2,1,1,3,1,3,1,3,3,4,1,1,2,3
21105,0,0,0,0,0,0,0,0,0,0,0,0,0,1,0,0,0,0,0,0,0,0,0,0,0,0,0,0,0,0,0,0,1,0,0,0,0,0,0,0,0,0,0,0,0,0,1,0,0,0,0,0,0,0,0,0
21106,0,0,1,0,0,0,0,0,0,0,0,0,0,0,0,0,0,0,0,0,0,0,0,0,0,0,0,0,0,1,0,0,0,0,0,1,0,0,0,0,0,1,0,0,0,0,0,0,0,1,1,1,1,0,1,0
21107,0,0,0,0,0,0,0,0,0,0,0,0,0,0,0,1,0,0,0,0,0,0,1,0,0,0,0,0,0,0,0,0,0,0,0,0,1,0,0,1,0,0,1,0,0,0,0,0,0,0,0,0,0,0,0,0
21108,2,3,10,6,6,4,11,8,8,8,15,7,10,7,8,7,10,14,8,11,11,10,14,7,10,9,5,8,10,9,6,10,7,3,12,10,13,21,16,14,10,10,12,10,9,18,12,11,19,15,12,19,18,18,14,13
21111,1,1,2,2,2,2,0,0,1,1,1,1,0,1,2,0,2,1,6,1,2,3,2,1,1,3,0,2,2,3,4,1,3,2,2,0,2,2,1,1,2,2,4,1,4,1,4,4,3,3,2,2,4,2,3,5
21112,0,0,0,0,0,0,0,0,1,0,0,0,0,0,0,0,0,0,0,0,0,0,0,0,0,0,0,0,0,0,0,0,0,0,0,0,0,0,0,0,0,0,0,0,0,0,0,0,0,0,0,0,0,0,0,0
21113,3,7,12,10,12,16,24,10,12,24,14,11,19,24,23,26,21,22,35,33,26,23,29,25,26,29,23,23,28,25,29,26,41,32,35,25,32,26,32,32,34,38,48,33,36,35,35,41,32,37,31,57,40,43,43,56
21114,1,1,11,7,9,8,8,4,7,8,15,9,13,16,21,17,9,17,18,15,22,18,14,13,17,14,17,13,12,7,18,15,20,14,12,10,16,29,23,24,25,23,25,21,23,25,26,23,31,22,23,26,27,34,40,31
21117,10,13,28,21,33,22,34,26,28,40,35,44,46,63,45,56,44,64,67,52,57,58,56,47,45,51,63,56,50,50,75,68,73,79,55,65,75,73,61,70,43,85,71,62,67,69,74,77,74,88,76,88,73,105,95,85
21120,0,0,5,2,0,2,1,3,1,3,1,2,3,2,0,0,5,6,0,1,1,6,3,2,2,1,0,2,1,2,1,0,1,1,4,2,3,1,3,3,3,2,3,3,1,2,4,2,1,1,4,4,3,1,1,5
21121,0,0,0,0,0,0,0,0,0,0,0,0,0,0,0,0,0,0,0,0,0,0,0,0,0,0,0,0,0,0,0,0,0,0,0,0,0,0,0,0,0,0,0,0,0,0,0,0,0,0,0,0,0,0,0,0
21122,11,16,35,36,44,35,38,38,33,59,42,61,52,64,51,77,63,73,75,56,67,40,79,68,60,55,59,60,65,68,93,90,64,67,57,67,68,64,74,75,64,85,84,71,79,68,82,90,80,83,72,83,82,84,96,88
21126,0,0,0,0,0,0,0,0,0,0,0,0,0,0,0,0,0,0,0,0,0,0,0,0,0,0,0,1,0,0,0,0,0,0,0,0,0,0,0,0,0,0,0,0,0,0,0,0,0,0,0,0,0,0,0,0
21128,1,6,6,9,6,4,3,4,7,7,6,6,5,9,12,7,7,11,7,7,11,3,5,12,5,11,3,8,10,8,11,9,12,6,7,12,13,11,15,14,6,6,10,11,8,11,5,10,18,11,9,13,9,13,12,16
21130,0,0,0,0,0,0,1,0,0,0,0,0,1,1,0,0,0,0,0,0,0,0,0,0,0,0,0,0,0,1,0,0,0,0,0,0,0,0,0,0,0,0,0,0,0,1,0,2,1,0,1,0,1,1,0,0
21131,1,0,0,5,1,1,4,1,0,6,1,1,2,6,2,2,1,3,4,3,5,2,1,3,4,3,4,2,3,1,5,1,5,4,6,1,2,6,4,2,1,2,2,3,3,1,2,1,4,4,2,4,2,3,2,5
21132,2,1,1,2,1,0,2,0,0,2,0,0,1,0,0,1,1,2,4,2,3,2,0,0,1,1,1,1,2,1,4,3,3,2,1,1,2,0,1,1,1,0,3,2,3,1,2,0,2,1,1,4,2,4,1,1
21133,6,12,28,30,25,31,27,29,40,45,36,45,51,64,38,64,59,66,80,65,67,61,71,63,51,69,62,66,55,63,73,72,75,64,58,64,68,70,64,72,77,79,80,88,62,64,62,84,77,89,81,100,60,99,86,89
21136,6,7,16,16,18,15,17,18,21,32,31,26,21,32,20,30,29,31,41,35,33,23,31,31,27,44,39,43,32,24,29,40,50,41,42,52,49,55,43,49,41,45,48,42,34,42,42,41,41,45,43,45,45,53,56,57
21138,0,0,0,0,0,0,0,0,0,0,0,0,0,1,0,0,0,0,0,0,0,0,0,0,0,0,0,0,0,0,0,0,0,0,0,0,0,0,0,0,0,0,0,0,0,0,0,0,0,0,0,0,0,0,0,0
21140,0,0,1,2,1,0,0,0,0,1,0,2,1,0,1,1,4,0,4,2,2,0,1,1,3,0,4,2,2,2,1,0,1,3,3,2,4,1,1,3,3,3,4,1,5,2,2,2,3,1,2,4,3,1,2,0
21144,2,3,21,11,12,21,13,17,15,20,20,20,18,37,23,32,31,39,36,33,30,26,34,23,34,26,24,31,34,24,26,32,38,43,44,27,44,53,31,35,32,47,50,26,38,42,44,44,38,42,39,45,35,42,46,48
21145,0,0,0,0,0,0,0,0,0,0,0,0,0,0,0,0,0,0,0,0,0,0,0,0,0,0,0,0,0,0,0,0,0,1,0,0,0,0,0,0,0,0,0,0,0,0,0,0,0,0,0,0,0,0,0,0
21146,2,4,4,3,2,3,2,9,3,3,9,6,10,12,8,11,15,15,4,10,6,14,11,6,9,5,13,9,12,14,11,11,16,12,11,9,13,11,13,16,10,16,19,16,14,16,14,11,23,19,13,14,13,6,18,15
21152,1,1,1,0,2,1,2,2,2,0,2,2,2,5,5,4,4,4,4,3,2,3,3,4,3,2,3,6,3,3,4,4,6,5,3,5,2,5,3,2,6,4,3,2,3,1,3,4,2,1,8,5,4,4,4,0
21153,0,0,0,0,0,0,0,0,0,0,0,0,1,0,0,0,0,0,0,0,0,1,0,0,0,0,0,0,0,0,0,0,0,0,0,0,0,0,0,0,0,0,0,1,0,1,0,0,0,0,0,0,0,0,0,2
21154,4,2,3,2,1,6,5,1,5,5,3,4,4,4,5,4,2,3,3,2,6,4,6,4,8,5,5,7,7,4,2,3,6,9,6,2,6,6,6,6,11,6,7,8,8,10,5,6,4,4,5,4,2,6,6,0
21155,0,0,0,1,2,1,0,1,1,1,4,1,2,1,1,1,2,6,0,0,1,0,1,1,0,2,0,1,0,3,1,0,1,2,0,0,0,1,1,4,2,2,4,1,2,2,1,2,2,1,2,3,5,2,2,3
21156,0,0,0,0,0,0,0,0,0,0,0,0,0,0,0,0,0,0,0,0,0,0,0,0,0,0,1,0,1,0,0,0,0,0,0,0,0,0,0,0,0,0,0,0,0,0,0,0,1,0,0,0,0,0,0,5
21157,2,0,14,14,11,16,17,15,9,19,19,20,15,25,18,20,16,18,18,19,35,13,31,19,20,26,27,20,23,13,20,17,27,32,23,24,32,27,32,15,19,25,27,30,26,21,22,20,36,26,24,23,23,29,33,0
21158,1,1,6,11,12,9,11,11,15,17,8,11,21,12,18,13,11,12,13,12,13,9,9,7,18,16,10,18,21,12,13,25,19,18,17,15,21,20,17,17,25,18,27,23,21,19,14,20,23,26,16,15,23,18,21,31
21160,0,0,1,3,1,0,0,1,1,0,2,3,6,0,4,0,0,1,1,4,1,1,3,3,2,0,3,1,2,1,0,2,2,0,4,2,4,2,3,2,3,2,1,2,1,2,3,3,2,3,0,5,3,4,6,22
21161,1,2,2,1,3,2,1,2,1,7,2,3,6,1,6,4,3,5,5,3,8,3,2,3,2,8,4,7,7,0,9,9,4,8,5,3,5,6,3,3,3,6,6,5,9,6,10,4,6,3,6,8,5,6,2,5
21162,3,1,0,4,2,0,1,5,6,7,5,4,6,4,10,5,8,5,9,10,7,6,7,5,5,12,6,6,8,6,3,5,6,3,7,5,7,7,3,9,5,4,6,3,5,6,2,5,7,4,3,3,2,7,8,3
21163,1,1,0,4,1,3,2,2,3,1,1,2,3,3,3,6,3,3,2,4,5,7,2,0,4,3,4,1,4,1,3,5,3,5,4,4,4,5,2,4,4,6,5,2,2,6,4,2,5,4,5,3,4,3,3,8
21201,0,0,5,4,2,2,3,4,5,3,9,1,3,5,2,3,3,2,5,3,3,3,7,3,10,2,3,5,7,5,2,2,7,5,6,2,5,9,7,3,5,7,13,4,6,16,9,8,11,12,7,9,12,8,12,4
21202,2,3,10,7,5,2,3,8,6,9,11,7,8,13,8,11,15,9,16,13,9,3,9,5,4,10,10,4,10,6,9,9,6,3,5,9,4,12,6,4,9,10,12,10,16,12,11,14,14,11,14,8,11,13,8,7
21203,0,0,0,0,0,0,0,0,0,0,0,0,0,0,0,0,0,0,0,0,0,0,0,0,0,0,0,0,0,0,0,0,0,0,0,0,0,0,0,0,0,0,0,0,0,0,0,0,0,0,0,0,0,0,0,12
21204,4,1,3,3,1,1,1,1,0,2,3,3,1,4,2,2,4,4,4,5,2,2,2,2,1,2,1,3,2,5,2,5,6,3,4,2,9,1,4,2,7,6,4,3,4,3,3,1,4,3,3,4,5,2,4,0
21205,11,4,12,8,11,7,3,4,3,16,8,12,8,9,9,10,7,13,11,12,18,16,18,12,10,14,6,6,11,2,12,7,14,17,11,14,10,9,10,14,12,47,22,41,16,15,15,10,13,19,15,14,19,21,28,9
21206,17,33,65,47,53,46,57,71,74,104,77,102,87,129,93,95,99,110,126,126,96,88,116,97,94,124,116,138,93,82,148,118,109,122,109,117,141,145,150,114,111,177,169,118,114,115,131,125,133,133,143,154,144,155,177,19
21207,13,13,51,49,43,38,64,48,56,81,69,67,65,93,84,85,80,100,132,94,96,73,78,80,81,89,85,98,79,86,96,85,90,85,97,90,100,96,124,109,101,124,152,121,111,119,103,108,128,108,121,124,113,140,119,167
21208,7,8,13,16,24,10,21,15,22,31,32,29,20,42,38,35,31,39,47,41,42,33,35,35,36,42,35,27,36,32,32,32,33,37,42,42,37,44,35,39,33,46,46,46,44,44,53,53,39,49,56,43,44,57,59,127
21209,3,4,10,5,6,6,9,9,10,14,11,7,10,16,8,11,5,11,8,12,4,9,14,10,9,12,6,4,4,2,9,7,10,14,9,5,15,4,16,11,12,15,15,13,9,11,19,12,17,10,16,15,12,12,8,43
21210,0,1,0,0,2,1,2,3,0,1,1,0,0,0,1,0,0,0,2,3,0,0,4,2,4,2,1,1,2,1,2,4,3,4,0,1,3,4,2,2,1,2,4,7,3,2,2,2,5,5,6,6,3,3,3,15
21211,0,3,5,10,5,7,3,5,6,8,6,12,10,10,6,11,3,7,10,7,9,2,11,6,11,14,9,10,10,8,10,5,9,6,9,6,11,7,7,7,15,12,14,13,9,14,9,6,9,10,8,14,15,12,15,6
21212,7,12,10,18,12,11,13,13,23,15,24,14,31,25,27,25,29,24,46,16,26,23,37,24,22,39,26,28,34,27,39,31,37,36,29,32,38,45,42,38,36,41,37,35,30,31,33,41,38,40,46,51,36,34,43,18
21213,18,16,39,33,44,24,30,36,34,65,50,47,36,51,53,52,40,58,63,74,67,55,59,44,56,68,60,52,53,64,59,55,82,74,75,71,82,84,68,84,73,102,101,112,64,88,92,96,89,102,81,96,84,106,82,40
21214,11,9,21,17,19,21,29,22,34,50,28,41,51,56,48,41,43,49,67,45,45,39,57,45,48,47,51,49,37,41,64,57,51,56,55,54,53,58,68,55,49,54,84,61,57,61,54,58,84,62,60,78,65,71,62,109
21215,10,25,47,57,41,31,54,38,51,96,59,80,64,79,76,92,71,83,105,88,86,90,85,86,80,84,96,88,91,79,106,77,105,95,104,102,105,114,83,112,81,111,122,101,110,107,111,111,110,93,112,122,113,136,115,75
21216,9,14,31,42,38,37,27,29,36,57,41,48,51,58,42,50,47,50,53,61,44,55,69,44,52,63,37,55,40,44,71,63,57,53,64,62,68,53,52,77,72,80,99,77,59,67,69,61,80,91,71,102,77,99,89,107
21217,4,2,19,20,16,15,25,24,16,28,23,27,17,39,35,23,27,33,36,34,52,24,31,30,24,30,30,32,26,28,44,33,35,39,34,43,35,41,36,54,35,45,41,52,29,40,28,43,44,40,43,40,48,57,49,78
21218,13,20,24,33,25,29,42,26,32,42,32,42,35,50,50,36,43,56,54,54,35,30,46,49,45,50,53,32,44,50,79,50,56,44,64,50,67,57,71,58,55,80,75,79,54,57,52,68,64,99,69,77,60,89,82,47
21219,1,3,5,5,5,11,8,5,5,12,9,11,6,13,7,12,11,13,10,9,22,15,9,7,8,14,10,5,10,12,13,14,11,8,14,12,12,13,12,11,8,14,12,11,9,15,15,8,12,12,13,13,13,12,17,82
21220,4,8,42,31,21,29,37,34,44,37,39,56,41,69,62,59,58,62,66,59,47,46,50,47,49,57,57,53,54,51,78,61,75,55,71,66,74,69,78,76,63,85,85,64,67,61,66,63,74,82,68,82,74,92,92,14
21221,8,17,30,24,28,24,20,17,38,52,27,40,34,50,44,49,40,42,66,57,51,45,49,44,48,57,51,43,43,40,68,50,57,56,65,58,66,79,65,76,54,80,73,73,55,57,66,71,76,82,56,85,53,73,86,88
21222,9,20,42,41,53,42,54,44,69,85,62,84,69,70,91,82,89,89,102,101,83,72,86,55,72,90,76,80,91,70,76,93,102,87,92,91,102,81,91,99,81,109,136,104,98,102,109,102,115,136,98,148,123,133,144,82
21223,3,12,19,24,17,15,19,11,11,26,18,22,13,27,18,19,17,14,31,22,22,24,31,21,23,34,31,30,19,24,31,16,33,36,29,23,25,32,30,34,26,37,49,53,40,43,21,24,35,34,41,46,53,45,45,114
21224,9,27,45,34,23,25,25,31,36,50,36,39,32,44,39,41,41,44,50,56,48,32,39,29,32,52,48,40,27,38,44,41,44,49,63,54,62,57,53,48,46,67,59,87,47,44,55,51,52,64,64,56,63,62,70,50
21225,4,8,23,29,21,22,24,22,33,36,31,21,27,29,36,37,37,38,45,26,29,27,48,35,37,46,35,44,44,44,43,47,34,40,48,59,52,64,52,58,45,56,61,55,55,54,44,46,52,60,74,46,43,56,86,49
21226,0,3,5,6,5,7,7,5,6,10,5,4,7,5,5,7,5,12,9,7,6,5,8,11,7,11,9,11,10,13,8,11,13,9,14,9,14,9,14,8,9,5,16,14,17,22,16,9,6,14,9,7,6,10,15,65
21227,5,10,20,29,15,21,19,18,28,33,26,33,41,42,38,42,31,38,51,38,28,35,41,37,29,27,29,40,30,31,47,39,39,31,30,29,42,40,37,42,37,55,65,41,36,44,44,37,25,38,44,50,43,44,51,13
21228,3,9,17,19,13,17,21,11,11,36,24,24,26,40,27,25,29,24,35,34,32,51,31,23,22,30,23,36,28,19,26,46,36,32,35,35,38,45,40,52,37,37,47,26,28,32,30,42,42,38,47,43,41,46,40,41
21229,6,18,43,52,40,42,63,48,60,87,64,53,68,73,89,83,74,74,99,75,87,75,75,64,75,92,90,88,75,67,85,96,90,79,98,96,117,110,120,123,93,121,120,126,95,102,100,103,123,126,117,136,113,153,122,46
21230,6,11,15,23,24,17,16,16,28,37,28,36,29,33,21,32,27,30,40,39,45,36,31,30,34,37,33,27,24,30,37,32,40,38,41,35,41,50,40,35,35,47,47,42,39,35,37,43,51,59,47,56,35,30,66,136
21231,3,4,3,4,5,4,10,5,6,3,9,12,11,10,7,8,11,6,10,10,7,4,10,8,5,12,9,8,9,7,11,9,6,13,8,6,6,10,8,6,8,6,13,13,12,11,13,8,14,13,18,14,12,18,14,52
21233,0,0,0,0,0,0,0,0,0,0,0,0,0,0,0,0,0,0,0,0,0,0,0,0,0,0,0,0,0,0,0,0,0,0,0,0,0,0,0,0,0,0,0,0,0,0,0,0,0,0,0,0,0,0,0,19
21234,11,23,40,41,37,39,57,36,56,67,46,70,52,75,73,73,63,64,87,62,72,65,68,48,62,83,74,85,70,77,95,84,82,75,73,83,80,79,93,81,62,89,103,78,85,89,76,79,94,99,98,86,102,107,107,0
21235,0,0,0,0,0,0,0,0,0,0,0,0,0,0,0,0,0,0,0,0,0,0,0,0,0,0,0,0,0,0,0,0,0,0,0,0,0,0,0,0,0,0,0,0,0,0,0,0,0,0,0,0,0,0,0,109
21236,2,8,18,24,16,24,30,27,31,36,35,31,35,30,30,44,36,40,39,30,29,23,28,32,37,44,27,24,29,34,50,30,41,28,36,35,37,60,36,42,28,38,42,34,34,33,35,35,46,43,56,50,44,47,59,0
21237,4,8,21,27,21,17,35,17,33,31,28,19,24,42,48,39,37,40,42,33,39,23,35,23,35,40,38,40,44,36,47,37,37,37,37,37,48,42,47,54,47,60,67,47,46,46,57,42,50,69,57,62,54,64,67,51
21239,6,13,24,28,31,21,35,24,31,47,38,44,55,51,48,57,43,51,68,58,53,52,69,40,64,62,46,68,51,49,49,51,58,51,57,61,63,86,67,65,65,80,76,64,60,69,63,69,76,90,76,66,80,79,97,70
21240,0,0,0,0,0,0,0,0,0,0,0,0,0,0,0,0,0,0,0,0,0,0,0,0,0,0,0,0,0,0,0,0,0,0,0,0,0,0,0,0,0,0,0,0,0,0,0,0,0,0,0,0,0,0,0,88
21241,0,0,0,0,0,0,0,0,0,0,0,0,0,0,0,0,0,0,0,0,0,0,0,0,0,0,0,0,0,0,0,0,0,0,0,0,0,0,0,0,0,0,0,0,1,0,0,0,0,0,0,0,0,0,0,0
21244,11,9,19,31,14,21,33,27,32,45,36,40,24,57,42,44,32,45,64,41,47,31,42,37,31,52,35,56,44,43,54,51,44,45,39,42,59,60,63,57,48,63,51,60,54,62,67,59,52,60,66,64,50,60,60,0
21250,0,0,0,0,0,0,0,0,0,0,0,0,0,0,0,0,0,0,0,0,0,0,0,0,0,0,0,0,0,0,0,0,0,0,0,0,0,0,0,0,0,0,0,0,0,0,0,0,0,0,0,0,0,0,0,55
21251,0,0,0,0,0,0,0,0,0,0,0,0,0,0,0,0,0,0,0,0,0,0,0,0,0,0,0,0,0,0,0,0,0,0,0,0,0,0,0,0,0,0,0,0,0,0,0,0,0,0,0,0,0,0,0,0
21252,0,0,0,0,0,0,0,0,0,0,0,0,0,0,0,0,0,0,0,0,0,0,0,0,0,0,0,0,0,0,0,0,0,0,0,0,0,0,0,0,0,0,0,0,0,0,0,0,0,0,0,0,0,0,0,0
21255,0,0,0,0,0,0,0,0,0,0,0,0,0,0,0,0,0,0,0,0,0,0,0,0,0,0,0,0,0,0,0,0,0,0,0,0,0,0,0,0,0,0,0,0,0,0,0,0,0,0,0,1,0,0,0,0
21260,0,0,0,0,0,0,1,0,0,0,0,0,0,0,0,0,0,0,0,0,0,0,0,0,0,0,0,0,0,0,0,0,0,0,0,0,0,0,0,0,0,0,0,0,0,0,0,0,0,0,0,0,0,0,0,0
21284,0,0,0,0,0,0,0,0,0,0,0,0,0,0,0,0,0,0,0,0,0,0,0,0,0,0,0,0,1,0,1,0,1,1,0,0,1,1,1,1,1,1,0,0,1,0,0,0,0,0,0,0,0,0,0,0
21286,2,1,4,5,4,2,4,6,7,6,4,15,10,10,7,10,8,7,10,10,10,6,9,10,9,11,12,13,5,9,10,10,13,12,15,9,14,7,16,10,13,11,13,13,10,16,9,14,11,14,9,12,9,8,16,0
21287,0,0,0,0,0,0,0,0,0,0,0,0,0,0,0,0,0,0,0,0,0,0,0,0,0,0,0,0,0,0,0,0,0,0,0,0,0,0,0,0,0,0,0,0,0,0,0,0,0,0,0,0,0,0,0,9
21307,0,0,0,0,0,0,0,0,0,0,0,0,0,0,0,0,0,0,0,0,0,0,0,0,0,0,0,0,0,0,0,0,0,0,0,0,0,0,0,0,0,0,0,0,0,0,0,0,0,0,0,0,0,0,0,0
21401,2,5,15,9,3,7,7,7,16,16,10,11,14,15,12,17,14,23,13,12,16,10,16,16,19,19,15,19,17,22,20,20,18,15,20,19,28,20,17,18,25,18,25,17,18,22,21,20,16,20,24,17,15,22,23,0
21402,0,0,0,0,0,0,0,0,0,0,0,0,0,0,0,0,0,0,0,0,0,0,0,0,0,0,0,0,0,0,0,0,0,0,0,0,0,0,0,0,0,0,0,0,0,0,0,0,0,0,0,0,0,0,0,31
21403,3,8,13,16,7,13,16,12,10,19,13,8,15,10,17,18,13,17,14,11,13,9,10,11,8,23,17,14,14,14,13,20,16,26,24,12,16,20,17,20,24,24,25,27,18,22,18,18,20,27,14,13,24,24,19,0
21150,0,0,0,0,0,0,0,0,0,0,0,0,0,0,0,0,0,0,0,0,0,0,0,0,0,0,0,0,0,0,0,0,0,0,0,0,0,0,0,0,0,0,0,0,0,0,0,0,0,0,0,0,0,0,1,27
21405,0,0,0,0,0,0,0,0,0,0,1,0,0,0,0,0,0,0,2,0,3,0,0,0,0,0,0,0,0,0,0,0,0,1,0,0,0,0,0,0,0,0,0,0,0,0,0,0,1,0,0,0,0,0,1,0
21407,0,0,0,0,0,0,0,0,0,0,0,0,0,0,0,0,0,0,0,0,0,0,0,0,0,0,0,0,0,0,0,0,0,0,0,0,0,0,0,0,0,0,0,0,0,0,0,0,0,0,0,0,0,0,0,0
21409,2,5,11,9,11,5,6,6,13,13,7,10,6,9,18,14,5,11,11,13,23,18,16,16,10,15,9,14,11,11,14,20,23,14,14,13,14,13,13,21,12,19,17,18,12,17,11,12,19,19,12,16,11,20,19,8
21411,0,0,0,0,0,0,0,0,0,0,0,0,0,0,0,0,0,0,0,0,0,0,0,0,0,0,0,0,0,0,0,0,0,0,0,0,0,0,0,0,0,0,0,0,0,0,0,0,0,0,0,0,0,0,0,0
21412,0,0,0,0,0,0,0,0,0,0,0,0,0,0,0,0,0,0,0,0,0,0,0,0,0,0,0,0,0,0,0,0,0,0,0,0,0,0,0,0,0,0,0,0,0,0,0,0,0,0,0,0,0,0,0,0
21502,8,17,23,17,17,15,26,20,32,35,29,31,25,35,33,41,38,36,43,28,44,22,35,41,29,60,30,40,29,47,46,42,31,32,33,29,39,44,36,48,38,54,53,41,26,44,39,40,53,33,42,51,45,62,61,44
21515,0,0,0,0,0,0,0,0,0,0,0,0,0,0,0,0,0,0,0,0,0,0,0,0,0,0,0,0,0,0,0,0,0,0,0,0,0,0,0,0,0,0,0,0,0,0,0,0,0,0,0,0,0,0,0,0
21520,0,2,1,0,0,1,2,1,1,0,0,1,2,2,1,1,2,0,3,2,1,3,0,0,2,1,3,2,0,0,0,0,0,0,0,0,0,1,0,1,0,1,1,0,0,0,0,0,0,0,0,0,1,2,1,1
21521,0,0,0,0,1,1,0,2,1,1,1,0,1,3,0,3,2,4,2,0,0,2,2,0,1,2,1,1,1,2,0,1,1,2,2,2,2,2,1,4,1,1,6,0,1,1,0,3,3,1,2,2,2,3,3,3
21522,0,0,0,0,0,0,0,0,0,0,0,0,0,0,0,0,0,0,0,0,0,0,0,0,0,0,0,0,0,0,0,0,0,0,0,0,0,0,0,0,0,0,0,0,0,0,0,0,0,0,0,0,0,0,0,0
21523,0,1,0,0,0,0,0,0,0,0,0,0,0,0,0,0,0,0,0,0,0,0,0,0,0,0,0,0,0,1,0,0,0,0,0,0,0,0,0,0,0,0,0,0,0,0,0,0,0,0,0,0,0,0,0,0
21524,0,0,0,0,0,0,0,0,0,0,2,1,0,0,1,0,1,0,1,1,0,0,0,1,0,1,1,2,0,1,2,4,0,0,1,0,0,0,1,1,2,1,4,0,0,0,0,1,1,1,1,1,0,0,1,2
21528,0,0,2,1,0,1,1,0,2,1,1,3,1,1,2,1,6,3,3,2,4,2,3,2,2,0,2,2,3,4,2,1,2,3,2,1,2,2,3,1,3,3,1,1,2,0,1,1,0,1,1,2,1,0,0,3
21529,0,0,2,1,0,0,0,1,1,0,1,0,0,0,0,0,0,0,0,0,0,0,1,0,0,0,0,0,1,2,0,0,1,0,0,0,0,1,0,0,0,0,0,1,0,1,0,1,0,0,1,0,1,1,1,1
21530,0,0,2,1,2,0,0,1,1,0,0,1,2,1,1,0,1,0,2,0,1,2,2,1,0,2,1,1,1,1,1,3,0,0,0,0,1,2,3,1,2,3,1,2,2,2,1,1,0,2,1,0,0,2,1,2
21531,0,1,2,4,0,1,0,1,0,1,0,2,1,1,0,2,0,0,0,0,2,0,0,1,2,0,0,1,2,0,0,2,2,3,2,1,1,0,1,1,1,2,0,3,1,2,3,4,0,1,1,1,0,1,2,1
21532,2,3,7,7,6,3,5,3,6,6,7,4,8,6,10,7,10,13,13,6,16,3,5,11,8,10,8,6,7,10,18,12,7,14,5,8,11,10,4,8,5,12,16,12,10,10,7,10,8,6,6,12,13,16,12,16
21532,0,0,0,0,0,0,0,0,0,0,0,0,0,0,0,0,0,0,0,0,0,0,0,0,0,0,0,0,0,0,0,0,0,0,0,0,0,0,0,0,0,0,0,0,0,1,0,0,0,0,0,0,0,0,0,0
21536,3,1,5,0,0,0,2,0,3,2,0,2,0,0,1,0,1,4,2,1,1,1,0,2,3,2,2,1,0,1,1,1,2,1,1,2,1,1,1,2,4,3,2,0,3,3,1,2,4,0,2,3,2,4,1,1
21538,1,0,0,1,0,1,0,1,0,1,0,0,1,0,0,0,0,1,0,1,0,1,0,1,0,0,1,0,1,0,0,0,0,1,0,1,0,0,0,2,1,0,1,0,0,0,1,0,1,0,3,0,1,0,0,0
21539,0,0,4,3,2,1,0,1,3,3,2,1,1,3,2,3,1,1,1,0,2,2,0,1,3,2,2,1,3,3,2,0,1,3,2,1,0,0,1,3,2,1,2,0,0,3,0,1,1,2,4,2,1,1,3,3
21540,0,0,0,0,0,0,0,0,0,0,0,0,0,0,0,0,0,0,0,0,0,0,0,0,0,0,0,0,0,0,0,0,0,0,0,0,0,0,0,0,0,0,0,0,0,0,0,0,0,0,0,0,0,0,0,0
21541,0,0,0,0,0,1,0,1,0,0,1,1,2,0,0,1,0,0,1,1,0,2,0,3,0,0,0,0,1,0,0,2,0,1,1,0,0,1,0,1,1,0,0,0,1,0,1,1,1,0,0,1,0,0,1,1
21542,0,1,1,0,2,1,1,0,0,0,0,1,1,3,3,3,2,4,1,1,3,4,4,0,0,0,0,4,1,1,2,2,1,2,4,1,1,3,1,2,2,2,4,0,0,1,3,3,2,2,1,2,2,2,2,3
21543,0,0,0,0,1,0,0,0,1,1,0,1,0,2,0,0,0,0,1,0,1,2,0,2,0,5,3,2,1,0,1,0,2,0,2,1,2,0,2,1,2,2,1,1,0,0,1,1,2,1,2,1,0,0,0,0
21545,0,0,5,1,3,2,1,1,3,2,1,1,1,6,5,5,3,11,5,2,1,2,4,3,3,3,3,4,4,2,3,6,3,1,3,1,1,6,1,1,7,4,5,1,3,2,1,3,5,6,2,4,6,2,8,4
21546,0,0,0,0,1,0,0,0,0,0,0,0,0,0,0,0,0,0,0,0,0,0,0,0,0,0,0,0,0,0,0,0,0,0,0,0,0,0,0,0,0,0,0,0,0,0,0,0,0,0,0,0,0,0,0,1
21550,7,4,10,4,10,6,6,4,6,8,8,17,4,5,7,9,11,11,11,5,8,10,8,3,7,5,11,9,4,5,7,10,7,9,11,10,6,5,12,7,7,10,7,8,8,6,5,11,9,15,9,11,4,9,9,8
21555,0,3,1,0,0,3,2,1,0,1,2,1,1,1,0,4,1,3,0,1,0,1,0,1,0,1,0,0,1,2,0,1,1,0,0,1,3,4,0,2,2,3,2,0,1,4,0,1,0,1,1,3,0,1,1,4
21557,1,2,1,0,2,1,0,1,3,3,3,2,1,1,3,1,0,9,0,2,3,0,1,3,2,1,2,3,0,2,3,3,2,1,1,1,3,1,4,0,2,1,4,1,4,2,3,2,5,3,4,4,1,1,3,3
21561,1,1,1,3,1,3,1,1,1,1,1,0,1,1,3,0,1,0,4,4,1,2,1,2,2,2,2,4,1,1,0,1,1,3,1,3,0,2,3,1,1,1,2,4,3,2,2,5,2,3,0,2,2,0,2,2
21562,2,2,6,3,2,3,2,3,3,4,1,4,5,6,3,5,5,3,6,5,3,5,2,4,5,5,1,4,2,3,6,1,3,2,2,1,0,4,3,5,2,2,3,2,2,2,1,2,1,1,4,3,5,3,3,7
21601,3,3,9,5,13,5,9,8,7,11,6,18,9,7,9,10,11,19,14,10,15,7,13,7,10,10,5,12,17,6,18,11,8,6,13,8,10,15,16,17,9,12,11,8,8,13,12,9,6,13,12,12,9,13,14,12
21602,0,0,0,0,0,0,0,0,0,0,0,0,0,0,0,0,0,0,0,0,0,0,0,0,0,0,0,0,0,0,0,0,0,0,0,0,0,0,0,0,0,0,0,0,0,0,0,0,0,0,0,0,0,0,0,0
21603,0,0,0,0,0,0,0,0,0,0,0,0,0,0,0,0,0,0,0,0,0,0,0,0,0,0,0,0,0,0,0,0,0,0,0,0,0,0,0,0,0,0,0,0,0,0,0,0,0,0,0,0,0,0,0,0
21607,0,0,0,0,0,0,0,0,1,0,2,1,1,1,3,0,0,0,1,0,2,0,0,0,0,0,2,4,1,2,0,0,2,1,1,1,1,0,0,0,0,3,0,1,0,1,1,1,0,0,0,0,1,0,1,1
21610,0,0,0,0,0,0,1,0,0,0,0,0,1,0,0,1,0,1,0,0,1,0,0,0,1,1,1,1,0,0,0,0,1,0,0,0,0,0,1,1,2,0,0,0,0,1,1,0,0,0,0,0,0,0,0,1
21612,0,0,0,0,0,0,0,0,0,0,0,0,1,1,0,0,0,0,1,0,1,1,2,0,0,0,0,0,1,1,1,1,1,1,0,0,1,0,0,0,0,0,0,2,1,1,0,0,0,1,3,0,0,0,4,2
21613,2,6,6,9,6,3,2,10,11,9,8,16,14,9,14,9,16,17,12,13,19,19,15,10,17,18,25,10,19,10,14,16,15,23,23,15,10,15,23,23,14,17,37,35,23,31,32,36,32,23,26,26,28,26,27,28
21616,0,0,0,0,0,0,0,0,0,0,0,0,0,0,0,0,0,0,0,0,0,0,0,0,0,0,0,0,0,0,0,0,0,0,0,0,0,0,0,0,1,0,0,0,0,0,1,0,0,0,0,0,0,0,1,0
21617,0,3,1,7,7,9,2,5,5,6,7,6,4,9,15,10,13,7,9,13,6,8,9,5,7,13,7,6,10,6,13,10,6,6,8,6,7,6,7,8,7,15,12,8,7,5,7,7,7,10,9,8,8,13,12,10
21619,1,0,4,3,4,3,1,3,1,8,6,6,6,3,6,4,2,3,8,8,5,6,9,3,3,8,4,4,12,8,6,6,5,7,8,6,7,8,8,6,5,6,6,8,6,8,4,7,6,9,8,8,6,6,6,7
21620,3,6,1,7,3,2,1,7,5,5,9,9,8,12,12,5,9,8,5,7,5,4,12,6,9,8,10,9,14,8,12,15,11,12,8,7,8,11,12,12,11,9,13,10,11,10,9,14,7,10,13,14,13,11,20,16
21621,0,0,0,0,0,0,0,0,0,0,0,0,0,0,0,0,0,0,0,0,0,0,0,0,0,0,0,0,0,0,0,0,0,0,0,0,0,0,0,0,0,0,0,0,0,0,0,0,0,0,0,0,0,0,0,0
21622,2,1,0,0,1,0,0,0,0,1,0,0,1,1,0,0,0,1,1,0,0,2,0,0,1,0,0,0,1,0,0,1,1,0,1,1,0,0,1,1,1,1,1,1,1,0,0,0,1,0,0,1,1,0,0,0
21623,0,0,1,3,0,1,4,2,3,6,3,1,5,3,3,7,4,5,2,1,2,2,4,4,5,3,1,5,3,3,2,2,4,2,2,2,0,2,6,3,3,6,5,8,6,4,4,6,2,5,2,6,3,5,5,6
21625,0,1,1,1,1,2,2,2,1,1,1,4,2,3,1,2,1,2,2,1,1,2,1,0,0,0,4,1,3,1,3,3,2,3,7,2,3,0,1,1,0,2,1,0,4,2,3,0,1,0,0,1,0,1,0,2
21626,0,0,0,0,0,0,0,0,0,0,0,0,0,2,1,0,2,1,0,1,3,0,4,2,0,0,1,0,0,0,3,1,1,0,0,1,0,0,1,1,0,0,0,0,1,0,0,0,1,0,0,1,1,0,0,1
21627,0,0,0,1,0,0,0,0,0,0,0,0,0,0,0,0,0,0,0,0,0,1,0,0,0,0,0,0,0,0,1,0,0,0,0,1,0,0,0,0,0,0,0,0,0,0,0,0,0,0,0,0,0,0,0,0
21628,0,0,0,0,0,0,0,0,0,0,0,1,0,0,0,0,1,3,1,1,0,0,0,0,1,1,0,0,1,0,2,1,2,1,2,0,0,0,0,0,0,1,2,1,0,0,0,0,0,2,0,0,1,0,3,0
21629,3,3,7,13,15,9,13,9,14,14,12,9,14,20,7,9,10,15,18,14,6,9,10,10,9,12,8,9,8,8,12,14,11,18,11,13,12,17,21,17,18,21,28,12,17,12,14,19,17,17,14,19,22,17,25,22
21631,0,1,7,2,2,1,4,3,0,1,0,2,2,5,1,1,0,1,5,1,1,2,2,2,2,4,2,4,2,1,5,1,2,0,2,4,2,3,3,4,3,2,6,1,2,2,2,3,6,2,8,4,8,4,5,6
21632,3,3,7,5,4,10,7,6,7,9,3,8,4,11,6,10,14,16,16,9,10,8,9,11,6,9,10,13,10,8,11,12,10,13,8,11,13,8,13,10,8,14,22,13,9,15,13,13,17,13,13,17,15,19,14,14
21634,0,0,0,0,0,1,0,1,0,0,0,1,0,1,1,0,1,1,1,1,1,1,1,1,1,1,0,0,1,2,1,1,1,2,1,1,1,2,1,1,2,1,1,0,1,2,1,1,0,1,0,0,1,0,1,0
21635,0,1,0,3,1,2,0,0,0,1,2,2,1,0,0,1,1,0,1,2,0,1,0,0,1,0,1,0,1,0,0,2,2,1,0,1,0,1,3,0,0,1,0,1,0,0,0,1,0,2,1,1,0,2,3,1
21636,1,0,0,0,0,2,1,0,1,1,2,1,0,2,2,3,5,2,1,2,1,0,0,2,0,0,0,2,0,1,2,0,1,2,0,1,1,4,1,3,1,1,1,3,0,1,4,3,3,3,4,3,3,5,3,2
21637,0,0,0,0,0,1,0,0,0,0,0,0,0,0,0,0,0,0,0,0,0,0,0,0,1,0,0,0,1,0,0,0,1,0,0,0,0,2,1,1,1,0,1,0,0,0,0,0,1,1,1,0,0,0,0,0
21638,0,2,12,8,2,3,5,2,4,5,6,7,6,6,6,3,6,12,11,6,6,3,6,12,5,7,6,9,6,4,11,2,6,7,3,9,6,2,4,6,4,7,4,7,4,5,6,3,4,11,2,4,2,9,3,8
21639,0,3,0,8,4,4,3,4,6,7,9,5,11,8,6,4,8,8,10,9,11,4,2,7,7,14,5,4,6,6,11,8,10,8,6,8,14,8,10,11,7,12,9,4,4,6,13,12,7,10,9,11,8,11,10,16
21640,0,0,2,1,1,1,3,1,5,2,3,3,2,2,1,1,1,2,5,3,3,2,1,2,1,5,1,0,0,0,2,3,1,1,1,0,2,0,1,0,1,0,4,1,0,2,3,2,3,0,0,1,1,0,0,1
21641,0,0,0,0,0,0,1,0,0,1,1,0,0,0,0,0,0,1,1,1,2,1,0,1,0,0,0,0,0,0,2,2,1,0,2,1,1,0,0,0,2,1,1,0,0,0,0,0,1,1,3,0,1,0,2,0
21642,0,0,0,1,0,1,0,0,0,0,0,0,0,0,0,0,0,0,0,0,0,0,0,0,0,0,0,0,0,0,0,0,0,0,0,0,0,0,0,0,0,1,0,0,0,0,0,0,0,0,0,0,0,0,0,0
21643,3,1,4,10,9,5,6,2,8,9,9,14,7,16,9,14,13,11,12,18,10,12,8,13,9,15,15,9,19,17,16,17,11,11,21,18,18,16,20,21,14,22,23,13,21,17,13,16,21,16,16,17,16,13,11,17
21644,0,0,0,0,0,0,0,0,0,0,1,0,0,1,0,0,0,0,0,0,0,0,0,0,0,0,0,0,0,0,0,0,0,0,0,0,0,0,0,0,0,0,0,0,0,0,0,0,0,0,0,0,0,0,0,1
21645,0,0,0,0,0,0,1,0,0,0,3,1,1,2,4,3,2,1,2,0,0,1,1,1,1,0,2,0,0,0,0,0,0,0,0,2,0,0,1,0,0,0,2,0,1,0,1,2,0,2,2,1,1,2,3,1
21646,0,0,0,0,0,0,0,0,0,0,0,0,0,0,0,0,0,0,0,0,0,0,0,0,0,1,0,0,0,0,0,1,0,1,0,0,0,0,0,0,0,0,1,0,0,0,0,0,0,0,0,0,0,0,0,0
21647,0,0,0,0,0,0,0,0,0,0,0,0,0,0,0,0,1,0,0,0,0,0,0,1,0,0,0,0,0,0,0,0,0,0,0,0,0,0,0,0,0,0,0,0,0,0,0,0,0,0,0,0,0,0,0,0
21648,0,0,0,0,0,0,0,0,0,0,2,1,1,1,3,1,1,1,1,0,0,0,0,1,0,0,1,0,0,0,4,0,0,1,1,1,0,1,2,1,0,0,1,0,1,0,1,3,0,1,0,1,0,0,0,0
21649,0,0,1,1,0,1,0,0,0,1,0,0,2,1,1,0,0,0,2,2,3,1,0,0,0,0,0,3,0,0,1,0,1,0,0,2,0,1,1,1,0,1,3,1,2,1,1,0,1,0,0,0,0,0,0,2
21650,0,0,0,0,0,0,0,0,0,0,0,0,0,0,0,0,0,0,0,0,1,0,0,0,0,0,0,0,0,0,0,0,1,0,0,0,0,0,0,0,0,0,0,0,0,0,0,0,0,0,0,1,0,0,0,0
21651,1,0,2,1,3,2,2,1,7,3,3,2,3,2,2,3,2,2,5,1,1,3,3,2,2,4,2,3,6,0,5,3,1,4,4,5,1,4,0,4,3,1,2,2,4,2,4,5,2,4,4,5,4,6,4,5
21652,0,0,0,2,0,0,0,0,4,0,0,0,0,0,0,0,0,0,0,0,0,0,0,0,0,0,0,0,0,0,0,0,0,0,0,0,0,0,0,0,0,2,0,0,0,0,0,0,0,0,1,0,0,0,0,0
21653,0,0,0,1,0,0,0,0,0,0,0,0,0,0,0,0,0,0,0,0,1,0,0,0,0,0,0,0,0,0,0,0,0,0,0,1,0,0,0,0,0,0,0,0,0,0,0,0,1,0,0,0,0,1,0,0
21654,0,0,0,0,0,0,0,0,0,0,0,1,0,0,0,0,0,1,1,0,1,0,0,1,0,0,0,0,1,0,0,0,0,0,1,0,0,1,0,0,1,1,0,0,0,0,0,1,0,1,1,0,2,2,1,2
21655,2,2,2,3,2,1,2,2,1,2,2,2,4,6,3,3,3,3,5,2,2,2,2,4,5,4,4,7,5,3,6,5,6,8,4,5,4,6,2,6,9,6,4,6,6,10,5,7,4,7,12,7,10,5,8,5
21656,0,0,0,0,0,0,1,0,0,0,0,0,0,0,0,0,0,0,0,0,0,0,0,0,0,0,0,0,0,0,0,0,0,0,0,0,0,0,0,0,0,0,0,0,0,0,0,0,0,0,0,0,0,0,0,0
21657,1,0,1,0,4,0,1,1,0,1,0,0,1,1,0,0,0,0,1,2,0,0,2,3,0,0,0,0,0,0,1,1,1,1,5,3,2,2,3,0,0,1,2,1,1,1,0,3,0,0,1,1,2,1,0,1
21658,0,1,2,3,1,1,3,3,3,3,3,1,0,3,2,1,0,0,1,1,2,0,3,7,5,5,0,3,0,2,1,2,4,3,2,3,2,2,2,2,0,1,2,3,0,1,3,5,2,2,2,4,6,3,4,4
21659,0,1,2,0,0,1,0,0,1,2,1,1,2,0,0,1,1,0,3,0,1,2,1,0,2,0,0,1,2,1,2,3,2,1,4,2,2,1,0,2,0,4,3,1,2,2,1,1,0,0,1,1,0,1,2,1
21660,2,0,1,4,5,0,2,2,2,2,3,2,3,5,6,2,3,5,5,6,3,3,13,8,8,6,10,2,3,4,5,10,3,4,7,4,8,12,5,13,10,11,10,7,4,10,5,7,8,10,12,6,5,3,7,10
21661,0,3,3,5,3,2,4,1,1,2,3,4,3,5,2,2,3,1,2,2,9,4,0,1,3,0,3,3,3,3,1,5,4,3,1,1,4,3,4,2,1,2,0,2,2,2,3,0,2,3,2,1,2,2,5,4
21662,0,0,1,0,0,0,0,0,0,0,0,0,0,0,1,0,1,2,0,0,0,0,1,0,0,0,0,1,0,1,1,0,1,0,0,0,2,3,2,1,1,1,2,1,1,0,1,1,1,2,1,3,1,0,1,1
21663,0,1,1,3,1,1,2,2,4,3,3,0,2,0,0,0,1,0,0,0,1,1,0,1,1,2,0,2,1,2,0,1,1,1,2,1,2,1,1,3,1,0,1,0,0,1,1,3,1,1,0,0,0,1,1,1
21664,0,0,0,0,0,0,2,1,2,0,0,1,0,0,1,2,0,1,1,0,2,2,3,0,2,2,2,3,1,0,0,1,0,1,0,1,3,4,0,2,2,0,3,0,1,0,2,1,0,1,1,0,1,2,0,0
21665,1,0,0,0,0,0,0,0,0,0,0,0,0,0,0,0,0,0,0,0,0,0,0,0,0,1,1,0,0,0,0,0,0,0,1,0,1,0,0,2,1,0,0,0,0,0,0,0,0,0,0,0,0,0,0,0
21666,0,7,4,8,11,9,9,11,8,13,8,13,8,19,14,13,6,19,16,12,17,14,12,8,12,11,14,18,11,6,12,12,7,13,12,8,8,12,9,9,10,15,19,20,7,13,9,11,20,17,15,14,15,15,17,13
21667,0,0,0,0,0,0,0,0,0,0,0,0,0,0,0,0,0,0,1,0,0,0,0,1,0,1,0,1,0,0,1,0,0,0,0,0,0,0,0,0,0,0,0,0,0,0,0,0,0,0,0,0,0,0,0,0
21668,1,1,3,1,3,1,2,0,2,1,1,2,0,1,0,2,1,4,3,0,3,0,1,0,2,0,3,1,1,1,2,0,2,2,0,1,1,1,2,0,1,2,2,2,1,1,1,3,2,2,1,1,2,0,3,0
21669,0,0,0,0,0,0,0,0,0,0,0,0,0,0,0,0,0,0,0,0,0,0,0,0,0,0,0,0,0,0,0,0,0,0,0,0,0,0,0,0,0,0,0,0,0,0,0,0,0,0,0,0,0,0,0,0
21670,0,0,0,0,0,0,0,0,0,0,0,0,0,0,0,0,0,0,0,0,0,0,0,0,0,0,0,0,0,0,0,0,0,0,0,0,0,0,0,0,0,0,0,0,0,0,0,0,0,0,0,0,0,0,0,0
21671,0,0,0,0,2,2,0,0,0,3,1,0,0,0,3,0,0,1,1,0,0,0,1,0,0,0,1,0,0,0,0,0,0,0,1,0,0,1,0,0,1,0,0,1,0,1,0,0,1,1,0,1,1,1,0,1
21672,0,0,1,0,0,2,0,0,1,0,1,1,1,0,0,0,2,1,3,0,0,0,0,0,0,0,0,0,0,0,0,0,1,0,0,0,0,0,0,0,0,0,0,0,0,0,1,0,0,0,0,0,0,0,1,0
21673,0,1,2,2,1,1,1,1,0,2,0,0,3,1,2,1,3,1,2,5,2,1,2,0,5,1,6,1,1,2,1,5,2,0,1,1,0,1,1,3,2,3,0,1,3,5,2,1,1,3,2,6,0,2,2,3
21675,0,0,0,1,0,0,1,0,0,0,1,0,0,0,1,0,0,1,1,1,0,0,0,0,1,1,0,0,0,0,0,0,0,0,0,0,0,0,0,1,0,0,0,0,0,1,2,0,1,0,0,1,1,1,1,0
21676,0,0,0,0,1,0,0,0,0,0,0,1,0,1,0,1,0,0,0,0,0,1,0,0,0,0,0,0,0,0,0,1,0,0,0,1,0,0,1,0,0,0,0,2,1,0,0,0,1,1,1,0,0,0,0,2
21677,0,1,0,1,0,0,0,0,0,0,0,0,0,1,0,1,0,1,0,0,0,0,0,0,0,0,1,0,0,0,1,0,0,0,0,1,0,0,2,0,0,0,0,1,0,0,2,0,0,1,0,0,1,1,1,0
21678,0,0,1,0,1,0,0,0,0,1,0,3,1,2,2,1,2,2,3,2,3,3,3,1,2,2,0,3,3,1,1,1,3,5,4,3,3,5,6,3,7,0,5,2,2,1,2,2,4,3,4,4,5,3,4,7
21679,0,0,0,0,0,0,0,0,0,0,0,0,0,0,0,0,1,0,0,0,0,0,1,0,0,0,0,0,0,0,0,0,0,0,0,0,0,0,0,0,0,0,0,0,0,1,1,1,0,0,1,0,0,1,1,0
21700,0,0,0,0,1,1,0,0,0,0,0,0,0,0,0,0,0,0,0,0,0,0,0,0,0,0,0,0,0,0,0,0,0,0,0,0,0,0,0,0,0,0,0,0,0,0,0,0,0,0,0,1,0,0,1,0
21701,13,13,21,29,24,39,25,20,49,51,41,52,40,45,48,46,53,46,63,46,34,39,57,30,48,53,42,58,50,51,49,49,55,52,63,65,59,76,55,63,53,61,72,61,54,74,64,60,72,74,80,80,52,73,72,78
21702,0,5,7,13,4,1,4,8,8,11,7,8,17,17,9,11,6,18,23,20,12,17,17,20,19,16,22,25,17,16,20,18,22,26,12,21,37,24,19,22,30,32,25,24,26,26,28,34,41,43,27,32,39,40,34,41
21703,3,6,13,24,16,13,18,18,18,15,20,26,24,22,25,29,31,30,33,28,25,29,32,19,23,28,25,22,29,34,36,32,32,36,31,36,48,46,32,32,30,32,49,37,24,42,44,27,48,39,35,43,39,49,60,56
21704,0,0,3,4,7,1,9,5,8,17,6,4,6,7,10,5,4,10,16,10,9,11,5,7,8,13,9,15,12,8,15,7,13,12,10,9,12,13,15,10,9,17,21,15,16,15,18,15,23,17,18,14,16,21,21,15
21705,0,0,0,0,0,0,0,0,0,0,0,0,0,0,0,0,0,0,0,0,0,0,0,0,0,0,0,0,0,0,0,0,0,0,0,0,0,0,0,0,0,0,0,0,0,0,0,0,0,0,0,0,0,0,0,0
21706,0,0,0,0,0,0,0,0,0,0,0,0,0,0,0,0,0,0,0,0,0,0,0,0,0,0,0,0,0,0,0,0,0,0,0,0,0,0,0,0,0,0,0,0,0,0,0,0,0,0,0,0,0,0,0,0
21707,0,0,0,0,0,0,0,0,0,0,0,0,0,0,0,0,0,0,0,0,0,0,0,0,1,0,0,0,0,0,0,0,0,0,0,0,0,0,0,0,0,0,0,0,0,0,0,0,0,0,0,0,0,0,0,0
21708,0,0,0,0,0,0,0,0,0,0,0,0,0,0,0,0,0,0,0,0,0,0,0,0,0,0,0,0,0,0,0,0,0,0,0,0,0,0,0,0,0,0,0,0,0,0,0,0,0,0,0,0,0,0,0,0
21710,1,0,0,5,1,2,1,3,2,3,2,0,2,3,1,2,3,2,1,2,3,1,3,2,2,3,1,4,4,3,3,3,1,2,2,5,5,6,2,5,3,5,4,4,5,7,7,2,5,5,6,9,4,4,5,8
21711,0,0,1,0,1,0,0,0,0,0,2,1,1,0,0,0,0,0,1,0,0,0,1,0,0,2,1,0,2,0,2,0,1,0,1,0,2,1,0,0,1,0,1,0,1,1,1,0,0,1,0,0,0,1,1,3
21713,2,1,9,8,6,5,5,9,5,10,9,6,7,10,4,2,5,7,9,5,11,7,4,8,5,9,11,11,9,3,12,14,12,15,12,7,8,15,13,12,10,8,10,8,9,7,8,16,13,17,9,15,11,21,6,15
21714,0,0,0,0,0,0,0,0,1,0,0,1,4,0,0,0,0,0,0,0,0,0,0,0,0,0,0,0,0,0,0,0,0,0,0,0,0,0,0,0,0,0,0,0,0,0,0,0,0,0,0,0,0,0,0,0
21715,0,0,0,1,0,0,0,0,0,0,1,0,0,0,0,0,0,0,0,0,0,0,0,0,0,0,0,0,0,0,0,0,0,0,0,0,0,0,0,0,0,0,0,0,0,0,0,0,0,0,0,0,0,0,0,0
21716,1,1,2,6,4,3,2,6,10,2,7,7,7,6,11,11,10,8,11,15,18,5,9,11,7,8,12,10,8,6,16,9,12,10,5,12,9,7,14,10,8,9,15,13,14,10,14,8,15,10,10,13,9,14,12,14
21717,1,0,0,1,0,0,0,0,0,0,0,0,0,0,0,0,0,0,0,0,0,0,0,0,0,0,0,0,0,0,1,1,0,0,0,0,1,0,0,0,0,0,0,0,1,2,0,0,0,0,0,0,1,1,0,0
21718,0,0,0,0,0,0,0,1,0,0,0,0,0,1,0,0,0,0,0,0,1,0,0,0,0,0,0,0,0,0,0,0,0,0,1,0,0,0,0,0,0,0,0,0,0,0,0,0,0,0,0,0,0,0,0,0
21719,0,2,3,1,0,0,1,1,0,1,2,0,1,1,0,0,1,0,0,0,0,1,1,1,0,0,0,2,0,0,0,2,2,2,0,0,3,1,2,1,2,1,2,2,2,2,2,0,2,1,4,3,3,2,3,4
21720,0,0,0,0,0,0,0,0,0,0,0,0,0,0,0,0,0,0,0,0,0,0,0,0,0,0,0,0,0,0,0,0,0,0,0,0,0,0,0,0,0,0,0,0,0,0,0,0,0,0,0,0,0,0,0,0
21722,0,0,1,2,2,3,3,5,6,8,2,4,4,2,4,1,1,6,5,6,5,5,2,3,4,3,5,4,5,3,6,8,5,9,3,5,10,2,6,5,5,12,6,9,6,5,6,5,4,7,8,6,3,6,12,9
21723,0,0,0,0,0,0,0,2,0,1,0,0,0,0,0,0,0,0,0,0,1,0,0,2,0,1,0,0,0,2,1,0,2,0,0,0,0,0,0,0,0,1,0,0,0,0,1,2,2,0,1,2,0,1,2,1
21727,1,0,1,1,3,0,0,2,1,4,2,1,5,4,3,4,3,2,4,3,5,1,3,1,4,3,3,0,2,4,5,0,4,3,3,3,5,4,3,4,5,6,2,3,5,2,3,6,6,2,5,3,5,5,3,5
21728,0,0,0,0,0,0,0,0,0,0,0,0,0,0,0,0,0,0,0,0,0,0,0,0,0,0,0,0,0,0,0,0,0,0,0,0,0,0,0,0,0,0,0,0,0,0,0,0,0,0,0,0,0,0,1,0
21733,0,1,0,1,0,1,4,1,2,4,0,3,3,2,1,2,0,1,3,1,2,1,0,0,0,1,0,2,1,0,0,2,1,3,0,2,3,2,3,4,0,1,2,0,2,2,0,0,1,3,3,2,2,2,1,0
21734,0,0,0,0,0,0,1,0,0,0,0,1,0,1,0,0,0,1,0,1,0,0,0,0,0,2,1,0,0,0,1,0,2,0,1,1,1,1,0,0,0,0,2,0,0,0,0,0,1,2,0,0,0,1,5,3
21737,0,0,0,0,0,0,0,0,0,0,0,1,0,0,0,0,0,0,0,0,0,1,0,0,0,0,0,0,0,1,0,0,0,1,0,0,0,1,0,0,0,0,0,0,0,1,1,0,1,0,0,1,0,0,0,1
21738,0,0,0,1,1,1,0,0,0,1,1,0,1,0,1,0,0,0,0,0,0,0,0,1,1,2,1,0,0,0,0,0,0,0,1,0,0,0,1,0,0,1,0,0,1,0,1,1,0,1,0,0,0,0,0,1
21740,13,15,33,35,32,24,34,35,42,59,44,52,44,62,52,56,47,56,59,56,50,56,57,58,70,78,59,61,63,66,70,63,76,66,59,72,79,70,73,74,64,72,106,80,71,72,76,77,88,76,82,89,66,89,88,89
21742,0,12,13,8,16,9,11,10,11,15,14,18,15,17,15,24,14,19,34,19,15,22,21,12,17,27,23,23,23,27,27,20,18,23,24,20,26,23,27,32,26,21,45,37,27,23,30,28,38,32,44,40,30,36,50,44
21744,0,0,1,0,0,0,0,0,0,0,0,0,0,0,0,0,0,0,0,0,0,0,0,0,0,0,0,0,0,0,0,0,0,0,0,0,0,0,0,0,0,0,0,0,0,0,0,0,0,0,0,0,0,0,0,0
21746,0,0,0,0,0,0,0,0,0,0,0,0,0,0,0,0,0,0,0,0,0,0,0,0,0,0,0,0,0,0,0,0,0,0,0,0,0,0,0,0,0,0,0,0,0,0,0,0,0,0,0,0,0,0,0,0
21750,1,0,2,1,6,5,2,2,1,4,1,5,0,5,2,1,5,2,2,4,13,3,3,3,2,4,2,7,5,1,5,5,8,7,5,5,7,7,6,5,5,6,8,8,3,7,5,9,9,3,10,10,6,8,7,6
21754,0,1,5,3,2,2,3,1,4,4,5,3,3,2,5,3,6,4,7,4,6,3,7,1,5,4,1,4,3,5,2,5,7,5,6,7,4,5,6,6,5,13,6,5,4,4,7,6,10,8,7,5,5,8,4,9
21755,0,0,0,2,1,1,0,3,4,5,0,1,2,5,3,2,2,4,4,3,1,2,9,5,2,5,2,3,1,0,3,3,2,6,3,6,2,5,5,2,6,3,8,3,2,4,2,3,2,6,4,7,5,6,5,3
21756,1,1,2,2,2,5,3,5,2,7,1,1,3,4,5,4,3,7,7,2,2,1,7,1,1,3,3,6,7,4,7,5,6,4,7,5,5,7,3,6,5,1,11,6,2,2,2,6,6,6,2,4,4,2,5,2
21757,0,0,0,3,1,3,3,1,0,2,1,1,0,1,4,3,1,3,4,3,0,0,1,0,0,4,4,1,2,3,2,2,2,3,3,3,1,0,1,2,0,0,1,2,2,1,3,4,4,6,4,3,1,2,6,3
21758,0,0,8,2,2,1,3,0,5,2,2,4,6,8,6,6,7,4,7,2,4,7,7,2,5,6,6,7,4,5,4,7,5,5,6,1,6,4,5,4,3,3,5,5,4,5,8,9,5,3,5,6,4,6,6,7
21759,0,0,0,0,0,0,0,0,0,0,0,0,0,0,0,0,0,0,0,0,0,0,0,0,0,0,0,0,0,0,0,0,0,0,1,0,0,0,0,0,0,0,0,0,0,0,0,0,0,0,0,0,0,0,0,0
21760,0,0,0,0,0,0,0,0,0,1,0,0,0,0,0,0,0,0,0,0,0,0,0,0,0,0,0,0,0,0,0,0,0,0,0,0,0,0,0,0,0,0,0,0,0,0,0,0,0,0,0,0,0,0,0,0
21762,0,0,1,0,0,0,0,0,1,0,0,1,0,0,0,0,0,3,0,0,0,0,0,0,0,0,0,0,0,0,0,0,0,1,0,0,0,0,0,0,0,0,0,0,0,0,1,1,0,0,0,0,1,3,1,3
21764,0,0,0,0,0,0,0,1,0,0,0,0,0,0,0,0,0,0,0,0,0,0,0,0,0,0,0,0,0,0,0,0,0,0,0,0,0,0,1,0,0,0,0,0,0,0,0,0,1,0,0,1,0,0,0,0
21765,0,0,0,0,0,0,0,0,0,0,0,0,0,0,0,0,0,0,0,0,0,0,0,0,0,0,0,0,0,0,0,0,0,0,0,2,1,0,1,1,0,0,0,1,1,1,1,0,0,0,0,0,1,1,0,0
21766,0,0,1,0,0,0,0,0,4,1,0,0,1,1,0,0,0,0,0,3,0,0,1,0,0,1,1,1,0,0,0,0,0,0,0,0,0,0,0,2,0,0,1,0,0,0,0,1,3,0,0,0,0,1,0,0
21767,0,0,0,1,0,1,0,1,0,0,0,1,0,1,0,1,1,1,2,3,1,3,0,0,2,1,1,0,1,3,0,0,1,0,2,1,1,2,0,1,2,2,2,0,0,2,2,3,1,1,5,2,0,2,1,1
21769,0,1,3,6,0,4,4,1,3,7,3,4,1,6,5,6,5,7,10,7,4,6,5,4,9,8,1,5,3,3,9,4,5,3,9,6,7,11,6,12,9,9,9,6,6,9,6,6,5,8,11,14,7,5,11,13
21770,0,0,1,4,0,1,7,3,2,1,5,4,4,7,3,4,3,2,7,3,4,3,4,2,3,6,3,1,5,2,2,5,6,6,4,4,5,5,6,6,4,4,7,9,7,5,7,4,1,4,4,8,5,8,8,8
21771,3,8,10,9,11,2,17,12,16,25,6,12,12,17,13,12,13,21,19,17,24,11,21,10,14,13,12,13,15,15,26,11,20,18,11,9,17,15,21,19,13,13,21,27,16,26,20,21,23,20,20,23,21,31,31,30
21773,0,1,0,0,1,3,1,1,1,0,1,1,0,2,3,2,3,6,0,2,0,0,2,1,1,5,2,1,1,2,3,4,1,2,2,0,3,2,3,2,2,2,2,5,1,6,2,3,4,0,1,2,1,2,3,4
21774,1,5,5,11,8,4,7,10,12,10,9,13,12,10,8,13,13,15,21,12,9,10,9,7,10,12,8,9,8,13,12,16,14,12,11,5,12,9,13,16,14,15,24,19,6,11,11,11,10,14,13,13,16,19,22,16
21776,1,0,6,6,0,0,1,3,4,9,1,3,2,3,4,4,7,3,7,4,6,1,6,5,3,3,3,1,1,2,5,5,5,4,4,4,7,3,4,4,4,1,2,5,2,2,3,5,5,6,6,6,3,5,9,4
21777,0,1,2,1,1,1,1,0,0,0,0,0,2,1,2,1,0,0,1,0,1,2,2,1,0,0,2,0,0,0,3,2,1,1,2,1,1,0,0,0,0,0,1,0,0,1,2,1,1,1,2,0,0,2,0,1
21778,0,1,0,0,0,0,0,0,1,1,1,0,0,0,1,0,2,1,1,0,1,1,1,0,0,1,0,0,0,0,1,0,1,0,0,0,0,0,0,0,0,1,0,0,0,1,0,1,0,0,1,0,0,0,1,0
21779,0,0,0,0,1,0,0,2,0,0,0,0,1,1,2,1,0,1,2,1,1,1,0,0,1,1,1,1,2,0,0,1,1,0,0,0,1,1,0,0,0,1,0,0,0,0,0,1,0,1,0,0,0,0,0,1
21780,0,0,0,0,2,0,0,1,0,1,0,0,1,1,0,1,1,0,1,0,0,2,1,2,0,1,1,0,0,1,3,0,0,0,1,0,1,1,0,0,0,0,2,2,0,1,1,0,1,1,1,0,2,0,3,5
21782,1,0,5,4,3,7,5,0,6,5,7,2,3,5,5,7,10,4,5,3,4,1,4,4,2,6,6,4,5,4,12,11,8,8,3,3,5,9,6,5,3,7,6,3,8,6,7,6,6,11,9,6,10,9,9,6
21783,2,2,1,1,4,4,6,2,9,5,10,6,3,5,7,11,2,12,4,10,10,7,4,4,6,10,8,8,10,12,6,9,8,8,7,8,10,8,9,9,12,8,11,15,12,17,13,11,10,16,10,11,7,13,11,12
21784,2,10,17,12,18,14,14,9,26,23,16,16,20,15,25,16,27,20,18,21,14,23,19,19,22,22,18,22,18,18,19,17,25,17,24,23,22,21,19,24,16,26,30,25,20,18,29,16,25,21,25,19,29,27,39,33
21787,0,1,4,5,5,6,5,6,11,8,5,6,14,11,8,11,13,13,23,19,8,8,16,5,15,17,21,15,16,15,19,23,16,18,20,11,17,23,18,16,15,25,22,28,25,24,23,23,23,25,30,20,20,30,18,17
21788,2,1,9,8,7,8,9,6,4,10,9,14,7,9,10,12,7,4,15,14,16,8,11,5,9,10,8,9,9,17,12,12,8,11,11,10,9,12,8,16,10,8,19,11,6,7,12,11,15,14,12,10,14,16,17,23
21790,0,0,0,0,0,0,0,0,0,0,0,0,0,0,0,0,0,0,0,0,0,0,0,0,0,0,0,0,0,0,0,0,1,0,1,0,0,1,0,0,0,0,0,0,0,0,0,0,0,0,0,0,0,0,0,2
21791,0,3,2,0,2,2,2,1,4,2,1,3,4,4,7,6,4,6,3,2,8,6,1,2,6,1,6,0,1,4,2,2,2,4,3,2,3,3,5,2,2,3,5,5,3,2,5,4,1,4,3,6,1,5,5,4
21793,2,2,4,6,0,2,6,2,6,13,2,5,8,11,8,8,14,9,9,11,9,4,6,4,12,10,9,9,12,5,9,6,6,7,8,11,8,5,8,4,12,14,14,19,10,9,8,10,13,11,13,12,12,13,14,13
21794,0,0,0,3,0,1,1,1,0,1,1,0,2,0,2,2,2,1,2,0,3,1,2,2,3,2,2,2,1,2,0,3,2,2,1,1,0,1,0,1,2,1,1,2,0,0,4,1,1,2,2,4,2,2,3,1
21795,0,1,4,7,3,4,1,6,6,4,3,6,2,7,6,3,5,6,2,0,6,4,6,9,5,7,5,7,5,5,8,6,12,3,8,6,10,4,11,10,6,14,19,17,6,4,5,7,11,6,4,6,7,9,14,9
21797,2,2,1,4,2,1,6,0,3,3,2,3,2,5,4,6,6,3,6,2,7,3,3,1,3,6,3,2,3,9,6,1,6,4,2,4,4,4,4,4,1,7,2,4,7,4,6,3,3,7,4,6,3,3,3,4
21798,0,0,0,0,0,0,1,0,2,1,1,2,1,0,0,0,0,1,3,1,0,4,1,0,0,1,2,0,1,0,0,1,0,0,2,2,2,1,0,1,1,0,1,2,1,2,2,3,3,2,3,2,1,2,3,4
21801,2,4,5,7,10,14,7,17,22,18,15,11,15,25,19,19,20,13,28,21,28,30,28,24,25,25,17,22,30,27,21,25,25,24,32,23,24,38,32,34,20,32,30,31,22,30,38,29,37,30,35,29,37,37,40,32
21802,0,0,0,1,0,0,0,2,0,1,1,1,0,0,0,0,0,0,0,0,0,0,0,0,0,0,0,0,0,0,0,0,0,0,0,0,0,0,0,0,0,0,0,0,0,0,0,0,0,0,0,0,0,0,0,0
21804,4,3,10,18,9,11,15,15,28,31,10,20,17,28,22,37,28,27,35,25,23,18,32,21,29,43,19,20,23,23,36,37,28,21,30,25,37,25,28,26,21,32,39,29,26,27,29,22,33,38,21,43,39,34,44,33
21811,2,6,4,12,3,7,8,8,12,19,12,11,12,22,11,10,13,11,19,13,15,10,19,18,10,19,14,12,21,13,23,11,24,23,14,18,17,12,10,17,24,17,28,18,21,21,21,24,16,19,17,23,24,24,23,22
21812,0,0,0,0,0,0,0,0,0,0,0,0,0,0,0,0,0,0,0,0,0,0,0,0,0,0,0,0,0,0,0,0,0,0,0,0,1,0,0,0,0,0,0,0,1,0,0,0,0,0,0,0,1,0,0,0
21813,0,1,1,0,0,1,1,0,0,1,0,0,2,3,2,1,0,1,0,0,3,0,0,2,1,1,0,1,0,0,2,0,1,4,18,0,1,1,1,2,2,2,0,1,0,1,1,0,0,2,1,0,1,0,3,1
21814,0,1,0,0,0,0,1,0,1,0,1,0,0,1,1,1,1,1,1,1,0,0,2,0,1,0,1,2,1,1,1,1,0,2,0,1,0,1,0,1,0,0,0,1,0,0,0,1,0,0,0,0,0,0,0,0
21817,1,0,2,7,5,6,5,7,4,6,4,3,3,12,6,6,7,7,6,4,5,5,9,7,6,3,3,5,7,4,7,8,4,7,6,4,10,6,2,6,2,4,4,7,9,1,4,6,5,5,11,6,7,9,12,6
21821,0,1,1,1,0,3,0,0,0,0,1,0,1,0,1,0,2,0,3,1,0,3,2,1,0,1,0,1,1,0,3,0,0,0,0,0,1,0,1,0,0,1,0,2,1,1,1,0,1,1,1,1,0,3,3,2
21822,0,0,2,2,0,1,3,0,2,0,2,0,1,3,2,3,1,6,3,2,1,3,2,1,4,2,2,2,0,3,3,2,3,4,4,1,2,3,2,2,3,3,6,2,2,0,2,3,2,3,2,5,3,3,7,4
21824,0,0,0,0,0,0,0,0,0,0,0,0,0,0,0,0,0,0,0,0,0,1,0,0,0,0,0,0,0,0,0,0,0,0,0,0,0,0,0,0,0,0,0,0,0,0,0,0,0,0,0,0,0,0,0,0
21826,1,2,5,0,4,2,5,4,5,6,4,3,2,5,3,2,6,3,3,2,4,7,5,1,5,2,5,8,5,8,9,7,12,4,6,3,10,7,8,6,8,9,12,9,8,6,8,11,11,10,12,12,7,10,9,15
21829,0,0,0,1,0,0,0,1,0,1,0,0,1,1,0,1,0,1,1,0,0,1,0,2,1,1,0,0,0,1,0,2,1,3,1,3,2,1,0,2,1,2,1,1,1,3,0,0,0,0,1,1,0,1,1,0
21830,0,2,2,1,1,1,6,0,2,4,3,2,2,2,3,2,5,3,6,3,2,6,9,7,3,3,2,2,3,7,6,7,6,4,2,5,6,6,7,8,3,7,4,4,4,6,5,7,6,6,2,6,7,4,8,8
21835,0,0,0,0,0,1,1,0,0,1,0,0,0,0,0,0,0,0,0,0,0,0,0,0,1,0,0,0,0,0,0,0,0,0,0,0,0,0,0,0,0,0,0,0,0,0,0,0,0,0,1,0,0,0,0,0
21837,1,1,2,3,3,3,2,2,1,2,1,2,3,5,3,4,2,2,6,2,2,2,1,1,1,7,3,4,5,4,5,2,5,3,6,5,2,6,5,2,2,0,3,5,3,8,4,4,4,6,3,7,6,5,4,5
21838,0,0,1,2,1,1,1,2,3,2,2,1,2,1,2,1,0,4,1,3,2,1,0,0,2,1,2,3,1,1,1,5,0,1,1,1,2,5,4,3,2,2,3,1,1,4,2,2,4,3,2,4,3,2,4,2
21840,0,0,0,1,0,0,0,0,1,1,0,2,0,0,0,0,1,0,1,1,0,2,1,0,0,1,1,0,1,1,0,0,2,0,0,1,0,0,1,0,0,1,0,1,0,1,2,0,0,0,0,0,0,0,1,0
21841,0,1,1,1,0,0,0,1,1,0,1,0,0,2,0,0,0,0,3,0,0,0,1,0,1,2,0,0,0,1,1,2,1,0,1,1,1,2,0,1,0,3,2,2,2,0,0,2,1,0,1,1,2,2,1,0
21842,12,4,7,18,7,8,7,11,10,13,13,10,8,13,22,19,9,14,20,7,14,10,15,9,12,11,11,13,8,10,15,13,16,19,28,19,10,13,5,15,7,16,18,16,13,16,23,21,21,17,20,24,21,29,26,22
21843,0,0,0,0,0,0,0,0,0,0,0,0,0,0,0,0,0,0,0,0,0,0,0,0,0,0,0,0,0,0,0,0,0,0,0,0,0,0,0,0,0,0,0,0,0,0,0,0,0,0,0,0,0,0,0,0
21849,0,2,2,2,3,1,1,3,2,1,3,2,2,2,1,6,1,1,0,1,0,3,2,1,2,3,1,3,2,5,4,2,3,0,7,4,4,3,7,5,2,3,4,3,3,2,3,3,3,2,2,3,5,2,0,1
21850,1,1,1,4,0,1,3,2,2,5,3,3,1,4,2,1,4,7,7,3,1,10,4,6,7,7,3,6,2,7,5,6,3,4,5,5,1,3,4,3,2,4,6,4,5,6,8,8,3,5,5,6,6,10,8,6
21851,1,2,6,2,4,4,4,0,3,2,4,5,6,3,2,10,8,3,9,7,7,5,13,0,7,12,10,11,7,4,10,8,6,4,4,6,11,10,5,14,10,10,12,10,12,11,13,10,15,14,11,11,10,6,7,8
21853,0,4,5,7,5,2,2,5,2,21,4,10,5,7,5,7,6,9,8,12,8,11,8,3,7,10,14,11,7,9,15,9,6,6,9,8,13,10,8,13,4,12,17,8,9,16,14,13,15,8,12,11,15,16,13,16
21856,0,0,0,1,1,0,0,1,1,3,0,0,0,1,0,0,0,1,2,1,0,1,1,0,2,0,0,1,0,0,1,2,1,0,0,0,0,0,1,2,0,2,1,0,0,0,0,0,2,2,1,1,1,1,1,2
21861,0,0,1,1,0,1,1,0,1,1,1,0,0,1,1,3,0,2,3,0,1,0,3,2,0,3,1,1,7,1,3,3,1,2,2,1,6,2,1,4,1,0,4,4,3,0,2,0,2,5,0,1,1,5,3,3
21862,0,0,0,0,0,0,0,0,0,0,0,0,0,0,0,0,0,0,0,0,0,0,0,1,1,0,0,0,0,0,0,1,0,0,0,0,1,0,0,0,0,0,0,0,0,0,0,0,0,0,1,0,0,0,0,0
21863,0,1,1,3,1,2,2,1,2,5,2,2,4,4,3,7,2,5,3,3,6,2,5,5,4,3,4,3,5,3,10,7,5,4,5,8,5,2,1,5,2,2,7,4,5,3,4,4,2,4,5,12,7,6,6,6
21864,0,0,1,0,1,0,0,0,1,0,1,0,2,1,0,1,1,0,1,0,2,0,1,0,0,0,1,0,0,0,0,0,0,0,0,0,0,0,0,0,1,0,0,1,1,1,1,2,1,1,0,0,0,0,0,1
21865,0,0,1,0,1,0,0,3,3,0,1,0,1,1,1,2,0,0,0,0,0,1,3,0,0,0,0,1,0,0,1,1,0,0,0,2,0,1,0,0,0,0,0,0,1,0,0,0,1,0,2,0,1,0,0,1
21866,0,0,0,0,0,0,0,0,0,0,0,0,0,0,0,0,0,0,0,0,0,0,0,0,0,0,1,0,0,0,0,0,0,0,0,0,0,0,0,0,0,0,0,0,0,0,0,0,0,1,0,0,0,0,0,0
21867,0,0,1,0,0,0,0,0,0,0,0,0,0,0,0,0,0,0,0,0,1,0,0,0,0,0,0,0,0,0,0,0,0,0,0,0,0,0,0,0,0,0,0,0,0,0,0,0,0,0,0,0,0,0,0,0
21869,0,2,3,1,0,1,0,0,1,2,0,0,1,0,0,0,0,2,0,0,4,2,1,1,0,2,0,1,3,0,1,0,0,1,1,1,1,4,2,0,2,3,3,0,0,0,2,0,1,1,1,0,1,0,2,0
21871,0,0,3,1,0,0,1,1,2,2,4,0,0,3,3,2,2,1,4,2,0,6,2,1,4,4,1,3,1,1,3,2,2,6,4,2,3,2,3,4,1,3,2,3,3,1,4,1,2,3,0,1,1,6,5,3
21872,1,0,0,1,0,0,1,1,1,1,0,2,0,1,0,1,0,0,2,0,1,0,1,1,1,1,2,0,0,0,0,1,0,0,1,0,0,0,1,1,0,0,0,1,0,0,1,0,2,1,0,0,0,1,2,0
21874,1,0,0,1,1,2,0,0,3,1,1,1,2,3,2,2,2,4,1,0,0,2,2,1,4,2,1,3,1,1,3,4,3,5,2,0,2,2,2,3,0,1,2,0,4,2,3,0,2,2,2,3,2,1,0,3
21875,0,4,3,4,8,1,8,4,9,8,5,9,7,12,7,5,10,15,21,12,7,7,12,6,13,14,14,18,18,13,16,7,19,12,8,10,17,24,14,18,20,24,17,20,16,11,15,9,13,11,12,16,5,14,22,14
21890,0,0,0,0,0,0,0,0,0,0,0,0,0,0,0,0,0,0,0,0,0,0,0,0,0,0,0,0,0,0,0,0,0,0,0,0,0,0,0,0,0,0,0,0,0,0,0,0,0,0,0,0,0,0,0,0
21901,4,7,15,13,11,12,13,10,12,15,11,17,13,17,21,18,16,20,26,19,11,13,17,17,15,21,13,20,21,18,20,18,28,20,23,16,20,20,23,24,22,17,41,25,30,26,27,25,25,26,22,27,22,21,28,32
21903,1,3,1,3,1,2,3,7,1,4,5,10,6,5,8,8,8,6,15,11,9,1,3,5,7,7,6,7,8,4,12,6,7,3,6,9,6,6,6,5,5,9,6,9,2,5,5,6,8,6,2,5,9,11,9,6
21904,1,2,2,1,5,4,2,3,2,5,4,3,2,10,10,5,5,10,9,5,3,10,3,2,6,5,8,6,5,7,6,7,6,10,4,6,7,6,4,6,5,4,4,8,5,7,5,6,11,9,9,1,4,8,9,13
21906,0,0,0,0,0,0,0,0,0,0,0,0,0,0,0,0,0,0,0,0,0,0,0,0,0,0,0,0,0,0,0,0,0,0,0,0,0,0,0,0,0,0,0,0,0,0,0,0,0,0,0,0,0,0,0,0
21911,1,3,9,7,6,7,16,11,12,11,3,13,6,11,11,9,10,10,9,12,8,8,9,1,7,12,8,14,11,9,12,7,8,15,7,8,3,13,11,15,10,11,14,13,11,13,7,7,13,12,10,12,11,14,15,10
21912,2,0,0,0,1,1,1,1,1,2,1,0,2,0,1,0,2,0,1,2,1,1,2,1,2,1,3,1,0,0,0,0,0,0,0,0,0,0,0,0,0,0,0,1,1,0,1,2,1,0,0,1,1,1,0,0
21913,0,0,0,1,2,1,0,2,2,1,0,1,2,3,2,2,1,1,2,1,2,0,2,0,0,0,1,1,2,0,0,1,0,1,2,1,1,2,0,0,0,1,3,4,2,2,2,1,2,0,4,2,0,1,4,1
21914,0,1,0,0,3,2,0,0,1,1,1,0,0,2,0,0,1,3,5,2,3,2,2,2,2,1,1,2,1,0,2,1,1,0,0,2,2,3,1,2,1,0,2,5,1,5,0,1,0,0,0,0,1,0,0,1
21915,1,1,1,3,2,5,6,3,4,2,2,2,0,3,2,1,2,1,1,2,1,1,2,1,0,3,2,3,3,3,5,2,0,3,2,1,5,5,5,3,7,4,3,3,4,4,4,3,4,2,3,2,3,4,1,2
21916,0,0,0,1,0,0,0,0,0,0,0,0,0,0,0,0,0,0,0,0,0,0,0,0,0,0,0,0,0,0,0,0,0,0,0,0,0,0,0,0,0,0,0,0,0,0,0,0,0,0,0,0,0,0,0,0
21917,0,0,0,3,4,1,2,2,1,2,2,4,2,2,2,3,2,1,0,2,2,1,4,0,1,0,2,1,0,2,1,1,2,2,1,1,1,2,6,1,1,1,4,4,2,4,2,4,4,3,4,5,3,5,5,4
21918,0,0,1,2,0,0,1,2,3,4,0,1,1,1,1,4,2,2,4,1,2,3,4,2,4,7,2,1,2,4,10,1,5,5,10,5,5,6,5,7,4,5,6,5,6,3,3,8,6,6,2,6,7,5,10,9
21919,0,2,3,3,1,5,3,4,2,5,2,3,3,3,6,4,4,2,1,1,2,1,0,5,6,3,0,3,0,2,4,0,3,1,0,1,2,2,2,6,2,7,6,7,2,2,2,5,2,3,4,4,1,3,4,4
21920,0,0,1,0,1,0,0,0,0,0,0,1,0,0,1,0,1,1,2,2,2,2,0,0,0,0,0,0,0,1,1,2,1,0,0,1,1,1,1,0,1,2,2,0,0,0,1,0,0,1,0,0,1,0,0,0
21921,3,12,26,42,28,21,24,19,24,47,34,47,35,50,51,54,64,48,61,57,63,44,57,47,52,47,47,55,46,41,54,51,60,53,53,64,55,53,63,68,54,70,74,62,52,62,58,67,67,64,72,65,61,56,84,67
21930,0,0,0,0,0,0,0,0,0,0,0,0,0,0,0,0,0,1,0,0,0,0,0,0,0,0,0,0,0,0,0,0,0,0,0,1,0,0,0,0,0,0,0,0,0,0,0,0,0,0,0,0,0,0,0,0
23692,0,0,0,0,0,0,0,0,0,0,0,0,0,0,0,1,0,0,0,0,0,0,0,0,0,0,0,0,0,0,0,0,0,0,0,0,0,0,0,0,0,0,0,0,0,0,0,0,0,0,0,0,0,0,0,0
No Zip Code,0,0,0,0,0,0,0,0,0,1,0,1,0,0,1,0,0,0,0,0,2,0,2,1,0,0,0,0,1,0,0,0,1,0,1,0,1,1,0,0,2,1,0,2,0,2,0,1,1,1,0,2,0,1,1,3
