zip_code,foreclosure_notices_mean,foreclosure_notices_std,foreclosure_notices_max,foreclosure_notices_trend,ev_registrations_mean,ev_registrations_std,ev_registrations_max,ev_registrations_trend,sewer_overflow_incidents_mean,sewer_overflow_incidents_std,sewer_overflow_incidents_max,sewer_overflow_incidents_trend,n_quarters,dbscan_cluster
19964,0.3333333333333333,0.4923659639173309,1,-0.013986013986013986,0.16666666666666666,0.5773502691896258,2,-0.03496503496503496,0.0,0.0,0,0.0,12,0
19973,0.0,0.0,0,0.0,23.833333333333332,9.350093177302696,37,2.1468531468531467,0.0,0.0,0,0.0,12,0
20230,0.08333333333333333,0.2886751345948129,1,-0.024475524475524472,0.0,0.0,0,0.0,0.0,0.0,0,0.0,12,0
20236,0.0,0.0,0,0.0,0.0,0.0,0,0.0,0.0,0.0,0,0.0,12,0
20473,0.0,0.0,0,0.0,0.0,0.0,0,0.0,0.0,0.0,0,0.0,12,0
20601,263.25,40.10695926916151,323,9.444055944055943,870.4166666666666,360.54616608527107,1385,99.19930069930071,0.5833333333333334,1.2401124093721454,4,-0.010489510489510481,12,0
20602,198.25,32.82771833236497,266,7.262237762237762,744.0,230.37518805793144,1096,63.69230769230769,0.16666666666666666,0.5773502691896258,2,-0.020979020979020976,12,0
20603,219.91666666666666,35.37451145395595,279,8.1993006993007,1468.0833333333333,478.54105140393955,2140,132.06643356643357,0.08333333333333333,0.28867513459481287,1,0.03146853146853147,12,0
20604,0.0,0.0,0,0.0,0.0,0.0,0,0.0,0.0,0.0,0,0.0,12,0
20606,1.6666666666666667,1.3706888336846839,4,-0.18881118881118883,9.583333333333334,1.781640374554423,12,-0.22727272727272727,0.0,0.0,0,0.0,12,0
20607,122.41666666666667,18.391986067718506,149,4.4230769230769225,871.6666666666666,256.1176339579968,1223,70.68531468531468,0.6666666666666666,0.7784989441615229,2,-0.14685314685314685,12,0
20608,5.833333333333333,2.6227443411030134,12,0.5874125874125874,14.583333333333334,11.540114489217272,29,3.0244755244755246,0.0,0.0,0,0.0,12,0
20609,4.333333333333333,2.7413776673693677,8,0.6223776223776224,16.75,6.593729803932879,24,1.7377622377622377,0.0,0.0,0,0.0,12,0
20611,4.0,2.215646837627989,7,0.2867132867132867,23.5,9.010095348098053,36,2.4195804195804196,0.08333333333333333,0.28867513459481287,1,0.038461538461538464,12,0
20612,1.0833333333333333,1.5050420310248864,4,-0.10139860139860139,6.5,1.1677484162422844,9,0.2097902097902098,0.0,0.0,0,0.0,12,0
20613,158.66666666666666,38.26304491360569,243,9.146853146853147,1021.4166666666666,415.80206355982176,1675,114.6048951048951,0.08333333333333333,0.2886751345948129,1,-0.01748251748251748,12,0
20615,0.75,1.1381803659589922,4,-0.15734265734265734,10.583333333333334,2.906367096044425,15,0.7307692307692307,0.0,0.0,0,0.0,12,0
20616,78.33333333333333,12.12310591266516,100,2.8391608391608387,253.91666666666666,111.07283305302086,448,30.276223776223773,0.0,0.0,0,0.0,12,0
20617,1.3333333333333333,1.4354811251305468,5,0.18881118881118883,40.083333333333336,10.799480907839406,54,2.954545454545454,0.0,0.0,0,0.0,12,0
20618,4.833333333333333,3.688639397672346,11,0.7132867132867133,15.166666666666666,3.3799766898963113,20,0.5244755244755245,0.0,0.0,0,0.0,12,0
20619,43.833333333333336,11.035754563593681,71,1.8531468531468531,628.0833333333334,163.92817625319012,847,45.27622377622377,0.16666666666666666,0.38924947208076144,1,0.027972027972027972,12,0
20620,3.9166666666666665,1.6764862244009227,7,-0.13636363636363638,46.5,5.000000000000002,55,1.062937062937063,0.0,0.0,0,0.0,12,0
20621,4.75,2.378884383296277,9,0.493006993006993,18.5,6.7082039324993685,32,1.3846153846153846,0.0,0.0,0,0.0,12,0
20622,12.833333333333334,4.725815626252609,22,0.6643356643356643,103.66666666666667,30.73740195247281,143,8.34965034965035,0.25,0.4522670168666455,1,-0.01048951048951049,12,0
20623,21.0,5.291502622129181,29,0.7622377622377622,104.08333333333333,39.87128913102381,170,10.98951048951049,0.0,0.0,0,0.0,12,0
20624,2.3333333333333335,2.570225788926064,8,0.45454545454545453,13.75,5.706853933489258,18,1.409090909090909,0.0,0.0,0,0.0,12,0
20625,3.0833333333333335,1.2401124093721454,4,0.11538461538461539,12.833333333333334,5.982297116315671,21,1.5944055944055946,0.0,0.0,0,0.0,12,0
20626,1.6666666666666667,1.3026778945578592,4,0.2937062937062937,3.25,0.621581560508061,5,0.10139860139860139,0.0,0.0,0,0.0,12,0
20628,0.5,0.674199862463242,2,0.16083916083916083,35.666666666666664,4.638442789897432,42,1.097902097902098,0.0,0.0,0,0.0,12,0
20629,0.3333333333333333,0.49236596391733095,1,-0.11188811188811189,5.916666666666667,0.6685579234215215,7,0.03146853146853147,0.0,0.0,0,0.0,12,0
20630,0.6666666666666666,0.6513389472789296,2,-0.027972027972027972,30.5,9.51075945729601,43,2.4615384615384617,0.0,0.0,0,0.0,12,0
20632,0.3333333333333333,0.4923659639173309,1,-0.03496503496503496,11.083333333333334,2.6097137890209456,15,0.3741258741258741,0.0,0.0,0,0.0,12,0
20634,34.333333333333336,6.54124443725189,47,1.1888111888111887,216.41666666666666,52.917531608297345,294,14.465034965034965,0.08333333333333333,0.28867513459481287,1,0.038461538461538464,12,0
20635,0.08333333333333333,0.2886751345948129,1,-0.03846153846153846,0.0,0.0,0,0.0,0.08333333333333333,0.2886751345948129,1,-0.010489510489510488,12,0
20636,17.25,5.136765873228372,25,0.7237762237762239,446.5,109.3131448471026,594,30.09090909090909,0.0,0.0,0,0.0,12,0
20637,28.75,5.310795181001189,40,1.0804195804195804,288.75,75.70171728567325,405,20.842657342657343,0.0,0.0,0,0.0,12,0
20639,42.416666666666664,11.681051737620617,63,2.527972027972028,675.6666666666666,174.91002015755174,952,48.26573426573427,0.16666666666666666,0.38924947208076144,1,0.048951048951048945,12,0
20640,86.16666666666667,12.633529222116069,109,2.755244755244755,291.25,83.56393850329111,416,23.08741258741259,0.9166666666666666,1.378954368902449,4,-0.10139860139860139,12,0
20644,0.0,0.0,0,0.0,0.0,0.0,0,0.0,0.0,0.0,0,0.0,12,0
20645,4.5,3.0301515113634467,10,-0.16783216783216784,49.75,10.729102309309775,66,2.9335664335664333,0.0,0.0,0,0.0,12,0
20646,99.33333333333333,30.368444547629114,166,7.538461538461538,860.0,289.5535748825642,1270,79.95104895104896,1.0,1.4770978917519928,4,-0.1258741258741259,12,0
20650,24.666666666666668,6.343691688790073,38,-0.2797202797202797,743.3333333333334,176.2278139915559,980,48.69230769230769,0.3333333333333333,0.6513389472789296,2,0.055944055944055944,12,0
20653,96.58333333333333,20.70335209280825,138,4.5279720279720275,589.75,163.1575507404924,852,44.67482517482518,0.25,0.4522670168666455,1,0.03146853146853147,12,0
20656,1.0,1.4770978917519928,4,0.048951048951048945,0.16666666666666666,0.38924947208076155,1,-0.034965034965034975,0.0,0.0,0,0.0,12,0
20657,133.75,24.342723385401683,167,5.472027972027972,545.9166666666666,147.24652076972103,764,40.77272727272728,0.25,0.4522670168666455,1,-0.01748251748251748,12,0
20658,5.583333333333333,2.2343733444579583,9,0.038461538461538464,40.083333333333336,10.655415467633292,52,2.7447552447552446,0.0,0.0,0,0.0,12,0
20659,86.58333333333333,15.281946171475632,119,1.9265734265734267,431.0833333333333,142.06557918045732,638,38.926573426573434,0.0,0.0,0,0.0,12,0
20662,10.083333333333334,2.234373344457958,14,0.2552447552447552,50.416666666666664,15.144505954505773,70,4.101398601398602,0.0,0.0,0,0.0,12,0
20664,15.333333333333334,4.7545831159062315,24,1.0559440559440558,60.083333333333336,24.14900085768027,101,6.402097902097902,0.08333333333333333,0.28867513459481287,1,0.038461538461538464,12,0
20667,1.5,1.7320508075688772,6,-0.14685314685314685,9.666666666666666,1.8257418583505538,12,0.1258741258741259,0.0,0.0,0,0.0,12,0
20670,0.0,0.0,0,0.0,15.916666666666666,2.2343733444579583,19,0.5279720279720279,0.5833333333333334,0.7929614610987591,2,0.017482517482517487,12,0
20674,2.9166666666666665,1.880924981991251,6,0.3251748251748252,59.166666666666664,11.223622274902917,76,2.965034965034965,0.08333333333333333,0.2886751345948129,1,-0.010489510489510488,12,0
20675,6.5,3.3166247903554,15,-0.3286713286713287,90.08333333333333,23.082690615710426,126,6.220279720279721,0.08333333333333333,0.2886751345948129,1,-0.010489510489510488,12,0
20676,11.5,3.424510582152248,16,0.6013986013986014,152.66666666666666,27.334072421641004,202,7.468531468531469,0.08333333333333333,0.2886751345948129,1,-0.01748251748251748,12,0
20677,8.5,3.554766326548573,14,0.06993006993006992,134.08333333333334,34.30732318678367,183,9.458041958041957,0.0,0.0,0,0.0,12,0
20678,50.833333333333336,8.993263472109993,65,-0.2867132867132867,415.5833333333333,123.83233410421109,602,34.19230769230769,0.08333333333333333,0.28867513459481287,1,0.01748251748251748,12,0
20679,0.08333333333333333,0.28867513459481287,1,0.024475524475524472,0.0,0.0,0,0.0,0.0,0.0,0,0.0,12,0
20680,3.3333333333333335,2.38683256575942,8,0.3286713286713287,11.166666666666666,5.060243137049899,17,1.237762237762238,0.08333333333333333,0.28867513459481287,1,0.01748251748251748,12,0
20684,2.1666666666666665,1.696699112626596,5,0.09090909090909088,62.083333333333336,19.537648194439807,90,5.346153846153846,0.0,0.0,0,0.0,12,0
20685,30.666666666666668,8.710843121006594,42,1.6293706293706292,222.5,50.44619095450302,298,13.951048951048952,0.0,0.0,0,0.0,12,0
20686,0.0,0.0,0,0.0,9.666666666666666,1.1547005383792515,12,-0.16783216783216784,0.25,0.621581560508061,2,0.045454545454545456,12,0
20687,1.5833333333333333,1.378954368902449,4,0.10839160839160839,10.583333333333334,2.193309385519074,15,0.534965034965035,0.0,0.0,0,0.0,12,0
20688,4.416666666666667,2.3532698077098573,9,-0.3811188811188811,148.25,29.735577099739388,184,8.122377622377622,0.08333333333333333,0.28867513459481287,1,0.03146853146853147,12,0
20689,8.083333333333334,2.353269807709857,11,-0.16433566433566435,103.91666666666667,26.127165706956966,141,7.199300699300699,0.0,0.0,0,0.0,12,0
20690,4.666666666666667,2.839120649181021,10,0.09090909090909093,56.25,17.756560887329915,82,4.8776223776223775,0.5,0.904534033733291,2,-0.02097902097902098,12,0
20692,0.6666666666666666,0.4923659639173309,1,-0.013986013986013988,15.083333333333334,1.8319554050414557,19,0.24125874125874128,0.25,0.45226701686664544,1,-0.024475524475524472,12,0
20693,4.25,2.378884383296277,9,0.3741258741258741,34.166666666666664,11.527306184828609,59,3.0069930069930075,0.0,0.0,0,0.0,12,0
20695,140.08333333333334,31.24815146047795,192,7.730769230769231,766.75,262.1270077306384,1182,72.46503496503496,0.0,0.0,0,0.0,12,0
20701,0.0,0.0,0,0.0,75.41666666666667,10.193209266541873,92,2.3181818181818183,0.0,0.0,0,0.0,12,0
20702,0.0,0.0,0,0.0,0.0,0.0,0,0.0,0.0,0.0,0,0.0,12,0
20703,0.08333333333333333,0.2886751345948129,1,-0.03846153846153846,0.0,0.0,0,0.0,0.0,0.0,0,0.0,12,0
20704,0.0,0.0,0,0.0,0.0,0.0,0,0.0,0.0,0.0,0,0.0,12,0
20705,104.66666666666667,10.688424778348969,125,0.5104895104895105,1109.75,403.8757966143912,1819,95.85664335664335,0.5,0.5222329678670935,1,-0.013986013986013986,12,0
20706,208.75,34.92882373159347,264,6.451048951048952,1219.0833333333333,408.34799293413124,1838,112.92657342657343,0.08333333333333333,0.28867513459481287,1,0.024475524475524472,12,0
20707,133.41666666666666,27.60256356122588,197,6.793706293706293,1605.25,463.02937762679215,2281,128.1153846153846,0.5,0.904534033733291,3,0.006993006993006993,12,0
20708,59.916666666666664,13.048568945104728,85,2.695804195804196,697.9166666666666,234.00328604271326,1021,64.56993006993007,0.08333333333333333,0.28867513459481287,1,0.03146853146853147,12,0
20710,17.416666666666668,3.5280263174995876,22,0.5699300699300699,72.5,41.132822549748404,145,11.097902097902098,0.08333333333333333,0.2886751345948129,1,-0.010489510489510488,12,0
20711,8.5,3.3166247903554003,16,0.27272727272727276,224.58333333333334,51.15832525038561,284,13.891608391608392,0.3333333333333333,0.49236596391733095,1,0.04895104895104896,12,0
20712,12.166666666666666,3.8573031873042956,17,0.24475524475524477,238.33333333333334,67.66002355807149,358,18.58041958041958,0.16666666666666666,0.38924947208076155,1,-0.013986013986013986,12,0
20714,15.5,5.744562646538029,24,0.09090909090909091,160.16666666666666,44.29617946450366,235,12.153846153846153,0.08333333333333333,0.28867513459481287,1,0.038461538461538464,12,0
20715,106.33333333333333,26.084942829614224,153,5.363636363636363,1216.25,373.1497688596363,1776,103.15034965034965,0.3333333333333333,0.6513389472789296,2,0.034965034965034975,12,0
20716,135.41666666666666,28.490694919037985,180,6.038461538461538,1061.25,380.7411731203902,1677,105.43706293706293,0.16666666666666666,0.3892494720807615,1,0.03496503496503496,12,0
20717,0.0,0.0,0,0.0,3.3333333333333335,2.994945236510506,6,0.7412587412587412,0.0,0.0,0,0.0,12,0
20718,0.0,0.0,0,0.0,0.0,0.0,0,0.0,0.0,0.0,0,0.0,12,0
20719,0.0,0.0,0,0.0,0.0,0.0,0,0.0,0.0,0.0,0,0.0,12,0
20720,128.83333333333334,23.38932675518058,168,4.3776223776223775,1608.75,459.3165129743422,2240,126.73076923076923,0.08333333333333333,0.28867513459481287,1,0.03146853146853147,12,0
20721,198.41666666666666,27.84848072674483,254,7.318181818181818,1854.25,504.4707622845946,2630,139.6818181818182,0.25,0.621581560508061,2,-0.024475524475524472,12,0
20722,29.0,8.377458933460565,43,1.4965034965034965,217.66666666666666,62.13523862340819,317,17.153846153846153,0.08333333333333333,0.28867513459481287,1,0.010489510489510488,12,0
20723,82.33333333333333,14.661844937445522,108,2.594405594405594,3125.0,825.8037407167748,4354,228.6713286713287,0.5,0.674199862463242,2,0.09090909090909091,12,0
20724,78.41666666666667,18.446277443298726,103,4.569930069930069,885.9166666666666,333.8689068627041,1404,91.7027972027972,0.25,0.4522670168666455,1,-0.0034965034965034965,12,0
20725,0.0,0.0,0,0.0,1.5,1.5666989036012806,3,0.37762237762237766,0.0,0.0,0,0.0,12,0
20732,45.916666666666664,7.140897999721341,55,1.1223776223776225,580.1666666666666,122.82051452375042,732,33.71328671328671,0.3333333333333333,0.4923659639173309,1,-0.06293706293706294,12,0
20733,10.583333333333334,4.699290726623896,18,1.0594405594405596,117.5,24.821178640244085,153,6.769230769230769,0.4166666666666667,0.6685579234215215,2,0.010489510489510488,12,0
20734,0.25,0.4522670168666455,1,0.0034965034965034965,0.0,0.0,0,0.0,0.0,0.0,0,0.0,12,0
20735,307.5,53.04115040573343,399,12.734265734265735,1274.9166666666667,432.7507068075387,1933,119.47902097902097,0.4166666666666667,0.7929614610987591,2,0.0034965034965034982,12,-1
20736,17.333333333333332,7.784989441615229,31,0.34265734265734266,454.25,119.46328838905814,621,33.03846153846154,0.0,0.0,0,0.0,12,0
20737,45.583333333333336,8.317105411394182,60,1.1503496503496502,431.75,138.97293719543842,620,38.25524475524476,0.3333333333333333,0.6513389472789296,2,0.04195804195804196,12,0
20740,43.333333333333336,13.082488874503778,65,2.762237762237762,1133.6666666666667,313.4321249803487,1527,85.21678321678323,0.5833333333333334,0.6685579234215215,2,0.003496503496503496,12,0
20741,0.0,0.0,0,0.0,0.0,0.0,0,0.0,0.0,0.0,0,0.0,12,0
20742,0.0,0.0,0,0.0,0.08333333333333333,0.28867513459481287,1,0.01748251748251748,0.16666666666666666,0.3892494720807615,1,-0.06293706293706294,12,0
20743,330.6666666666667,46.040166916476025,389,11.055944055944057,938.0833333333334,318.1153188084567,1422,87.39510489510488,0.08333333333333333,0.2886751345948129,1,-0.01748251748251748,12,0
20744,353.5833333333333,38.74029692788382,407,9.325174825174825,2062.3333333333335,590.3897531343687,2915,163.5174825174825,1.3333333333333333,1.3706888336846839,4,-0.09090909090909093,12,-1
20745,116.5,21.74856317093154,157,5.503496503496503,833.0833333333334,260.93797881465775,1241,72.14335664335664,0.4166666666666667,0.7929614610987591,2,-0.03846153846153846,12,0
20746,143.5,19.369610687409764,180,4.153846153846154,595.9166666666666,257.7308174092191,934,70.80069930069932,0.75,1.0552897060221726,3,0.01748251748251748,12,0
20747,258.5833333333333,42.68586807519947,331,10.087412587412588,468.0,233.56642037603078,836,63.67832167832167,0.16666666666666666,0.38924947208076155,1,-0.03496503496503496,12,0
20748,243.0,34.93370344471991,301,8.237762237762237,657.75,273.2977480531245,1084,74.88461538461539,0.5,0.674199862463242,2,0.013986013986013986,12,0
20749,0.0,0.0,0,0.0,0.08333333333333333,0.2886751345948129,1,-0.03146853146853146,0.0,0.0,0,0.0,12,0
20750,0.0,0.0,0,0.0,0.0,0.0,0,0.0,0.0,0.0,0,0.0,12,0
20751,6.0,2.73030134866931,10,0.5034965034965035,94.25,22.859750257126205,131,6.192307692307692,0.0,0.0,0,0.0,12,0
20754,10.0,4.709757762541316,22,0.5384615384615384,340.0,81.60659509890337,459,22.209790209790206,0.0,0.0,0,0.0,12,0
20755,0.0,0.0,0,0.0,262.5,97.03279670484426,389,26.3986013986014,0.75,0.8660254037844386,2,-0.10839160839160839,12,0
20757,0.0,0.0,0,0.0,0.0,0.0,0,0.0,0.0,0.0,0,0.0,12,0
20758,0.75,0.8660254037844386,3,-0.024475524475524472,28.833333333333332,10.18763362061469,48,2.5594405594405596,0.0,0.0,0,0.0,12,0
20759,6.333333333333333,1.775250729197189,9,-0.03496503496503496,1695.75,340.59790342599285,2154,94.1013986013986,0.0,0.0,0,0.0,12,0
20760,0.0,0.0,0,0.0,0.0,0.0,0,0.0,0.0,0.0,0,0.0,12,0
20762,0.0,0.0,0,0.0,67.91666666666667,12.90143285441465,89,3.0454545454545454,0.0,0.0,0,0.0,12,0
20763,4.833333333333333,2.7247463045653304,10,0.6013986013986014,116.75,37.60349355143385,191,9.982517482517483,0.75,1.2154310870109943,4,-0.11538461538461539,12,0
20764,21.833333333333332,3.214550253664318,26,0.5314685314685315,116.33333333333333,15.56997888323046,139,4.1678321678321675,0.16666666666666666,0.3892494720807615,1,0.02097902097902098,12,0
20765,0.75,0.9653072991634227,3,0.15734265734265734,22.0,8.893306982833161,35,2.4195804195804196,0.0,0.0,0,0.0,12,0
20769,29.75,6.369315647554438,38,0.6538461538461539,505.3333333333333,154.6693442819425,771,42.71328671328671,0.0,0.0,0,0.0,12,0
20770,59.833333333333336,7.209001107622121,72,1.3846153846153846,1907.8333333333333,1265.7757113782645,3999,313.4055944055944,0.25,0.4522670168666455,1,-0.03146853146853147,12,0
20771,0.0,0.0,0,0.0,17.416666666666668,7.913835219335053,24,1.7797202797202794,0.0,0.0,0,0.0,12,0
20772,485.4166666666667,107.78215262390349,635,28.26923076923077,3085.6666666666665,934.274179469947,4391,258.35664335664336,0.8333333333333334,1.1146408580454255,3,-0.03496503496503496,12,-1
20773,0.0,0.0,0,0.0,0.0,0.0,0,0.0,0.0,0.0,0,0.0,12,0
20774,408.6666666666667,59.06904024234281,512,14.524475524475523,2509.25,751.7172008142425,3706,208.19230769230768,0.6666666666666666,0.7784989441615229,2,-0.1258741258741259,12,-1
20776,5.166666666666667,2.2087978356535665,8,0.15384615384615385,174.33333333333334,25.471314822519055,216,6.93006993006993,0.0,0.0,0,0.0,12,0
20777,3.3333333333333335,2.49848438906955,8,0.31468531468531463,743.75,158.3971561957761,978,43.75174825174825,0.0,0.0,0,0.0,12,0
20778,4.5,1.6236882817719773,7,0.13286713286713286,131.41666666666666,22.928578171567835,169,6.1993006993007,0.08333333333333333,0.2886751345948129,1,-0.024475524475524472,12,0
20779,3.0,1.5374122295716148,6,0.2937062937062937,71.5,16.97324097192134,102,4.503496503496503,0.0,0.0,0,0.0,12,0
20780,0.0,0.0,0,0.0,0.0,0.0,0,0.0,0.0,0.0,0,0.0,12,0
20781,23.666666666666668,3.9389277113386476,31,0.07692307692307693,599.0833333333334,151.33314143626865,792,41.716783216783206,0.3333333333333333,0.4923659639173309,1,-0.04195804195804195,12,0
20782,67.16666666666667,7.986731420792786,85,1.104895104895105,991.75,304.4049709903509,1467,84.08741258741259,0.4166666666666667,0.6685579234215215,2,-0.08741258741258741,12,0
20783,92.5,15.359332371854292,111,3.034965034965035,471.8333333333333,147.0255595177762,684,40.71328671328672,0.8333333333333334,0.8348471099367218,2,0.08391608391608392,12,0
20784,112.33333333333333,14.834439863392411,132,2.93006993006993,342.4166666666667,152.02180365947115,581,41.63986013986013,0.25,0.4522670168666455,1,0.024475524475524472,12,0
20785,188.91666666666666,44.15357152924187,287,10.940559440559442,987.3333333333334,443.5659904442494,1916,107.06993006993007,0.5,0.5222329678670935,1,0.0,12,0
20787,0.0,0.0,0,0.0,0.0,0.0,0,0.0,0.0,0.0,0,0.0,12,0
20788,0.0,0.0,0,0.0,0.0,0.0,0,0.0,0.08333333333333333,0.28867513459481287,1,0.010489510489510488,12,0
20794,33.25,7.8058835618921565,47,0.8496503496503497,742.5,197.78293887262095,989,54.50349650349651,0.3333333333333333,0.6513389472789296,2,0.013986013986013988,12,0
20812,0.16666666666666666,0.38924947208076144,1,0.06993006993006992,70.75,18.365605204987247,99,5.024475524475525,0.0,0.0,0,0.0,12,0
20814,16.166666666666668,5.149286505444373,26,0.7062937062937062,4596.75,1009.8083639078168,6002,279.30419580419584,0.08333333333333333,0.2886751345948129,1,-0.03846153846153846,12,0
20815,15.75,6.254089571123551,30,0.7307692307692307,4829.75,1038.3409953995233,6316,287.52797202797206,0.5833333333333334,0.6685579234215214,2,-0.05244755244755244,12,0
20816,5.833333333333333,2.1248885888797826,10,0.09790209790209789,2902.8333333333335,645.3614678940975,3859,178.7832167832168,0.4166666666666667,0.90033663737852,3,0.15734265734265734,12,0
20817,15.333333333333334,4.271115105265163,21,0.048951048951048945,7738.333333333333,1770.7692901075166,10388,490.9160839160839,0.5833333333333334,0.6685579234215215,2,0.010489510489510488,12,-1
20818,1.75,1.2154310870109943,4,-0.11538461538461539,447.1666666666667,97.7509203242733,581,27.0,0.08333333333333333,0.28867513459481287,1,0.01748251748251748,12,0
20820,0.08333333333333333,0.28867513459481287,1,0.038461538461538464,0.0,0.0,0,0.0,0.0,0.0,0,0.0,12,0
20825,0.0,0.0,0,0.0,0.0,0.0,0,0.0,0.0,0.0,0,0.0,12,0
20827,0.0,0.0,0,0.0,0.0,0.0,0,0.0,0.0,0.0,0,0.0,12,0
20832,40.25,7.059809423129572,50,1.3391608391608392,1680.5833333333333,427.36708903222615,2300,118.2972027972028,0.25,0.4522670168666455,1,0.038461538461538464,12,0
20833,10.416666666666666,3.423404295390331,16,-0.010489510489510483,866.75,189.33045905842184,1134,52.35314685314685,0.0,0.0,0,0.0,12,0
20837,11.166666666666666,3.2427074359478554,15,0.20279720279720279,785.5833333333334,172.3207676680236,1018,47.50699300699301,0.25,0.4522670168666455,1,-0.01748251748251748,12,0
20838,0.0,0.0,0,0.0,15.5,4.889692312312801,24,1.167832167832168,0.0,0.0,0,0.0,12,0
20839,0.25,0.45226701686664544,1,0.01048951048951049,16.0,7.495453167208651,24,2.0,0.0,0.0,0,0.0,12,0
20841,12.583333333333334,3.848455022552045,19,0.458041958041958,1369.5,364.2607707273857,1875,100.81818181818181,0.16666666666666666,0.3892494720807615,1,-0.055944055944055944,12,0
20842,3.8333333333333335,1.80067327475704,6,0.15384615384615385,206.75,44.029174212312704,264,12.066433566433567,0.08333333333333333,0.28867513459481287,1,0.010489510489510488,12,0
20847,0.0,0.0,0,0.0,0.0,0.0,0,0.0,0.0,0.0,0,0.0,12,0
20848,0.0,0.0,0,0.0,0.0,0.0,0,0.0,0.0,0.0,0,0.0,12,0
20850,35.75,6.82408835070164,45,1.4790209790209792,10074.916666666666,3306.5124845683044,14699,910.9965034965035,1.0833333333333333,1.8319554050414562,6,0.0034965034965034913,12,-1
20851,23.75,3.8641710859922056,30,0.2902097902097902,705.8333333333334,183.25185517271697,994,50.72727272727273,0.16666666666666666,0.3892494720807615,1,0.006993006993006992,12,0
20852,33.083333333333336,9.709024230845833,50,2.1083916083916083,4521.916666666667,1149.5548117212663,6132,318.24125874125866,0.5833333333333334,0.7929614610987591,2,-0.02447552447552448,12,0
20853,43.0,11.544380766101197,62,1.6013986013986015,2099.5833333333335,455.2816228013228,2737,125.8076923076923,0.5,0.674199862463242,2,0.11888111888111888,12,0
20854,38.083333333333336,9.385272150200723,57,1.1153846153846154,10109.833333333334,2039.2027333933202,13023,564.8531468531469,1.1666666666666667,1.6422453217986943,4,-0.013986013986013979,12,-1
20855,25.166666666666668,9.646792527084122,42,1.741258741258741,3031.75,880.7094376900725,4239,242.82167832167832,0.08333333333333333,0.28867513459481287,1,0.003496503496503496,12,0
20856,0.0,0.0,0,0.0,0.0,0.0,0,0.0,0.0,0.0,0,0.0,12,0
20857,0.0,0.0,0,0.0,0.0,0.0,0,0.0,0.0,0.0,0,0.0,12,0
20860,4.083333333333333,3.1754264805429417,11,0.0664335664335664,228.0,57.28715546977508,318,15.755244755244757,0.08333333333333333,0.2886751345948129,1,-0.010489510489510488,12,0
20861,7.916666666666667,3.8720051965905524,14,0.0034965034965034314,412.8333333333333,111.76260013027071,557,30.748251748251747,0.08333333333333333,0.2886751345948129,1,-0.010489510489510488,12,0
20862,0.25,0.4522670168666455,1,-0.038461538461538464,58.333333333333336,13.806015377583085,78,3.7762237762237763,0.0,0.0,0,0.0,12,0
20863,0.0,0.0,0,0.0,0.0,0.0,0,0.0,0.0,0.0,0,0.0,12,0
20866,52.916666666666664,13.21471860762793,79,2.8636363636363638,800.6666666666666,235.622322346332,1111,64.8881118881119,0.3333333333333333,0.6513389472789296,2,0.08391608391608392,12,0
20868,0.16666666666666666,0.38924947208076155,1,-0.013986013986013984,49.0,16.31507947212695,69,4.3776223776223775,0.0,0.0,0,0.0,12,0
20871,58.916666666666664,11.405408073950415,81,1.2342657342657346,5075.75,1228.3446455216947,6695,338.5,0.08333333333333333,0.28867513459481287,1,0.024475524475524472,12,0
20872,34.25,12.09150716224183,52,2.444055944055944,731.3333333333334,208.94685419691743,1054,57.69930069930069,0.08333333333333333,0.28867513459481287,1,0.038461538461538464,12,0
20873,0.08333333333333333,0.28867513459481287,1,0.03146853146853147,0.0,0.0,0,0.0,0.0,0.0,0,0.0,12,0
20874,153.16666666666666,20.417609749399855,181,3.825174825174825,3497.75,967.3435156513572,4823,267.43706293706293,0.5,0.674199862463242,2,0.08391608391608392,12,0
20875,0.0,0.0,0,0.0,2.25,1.2154310870109943,3,-0.07342657342657342,0.0,0.0,0,0.0,12,0
20876,51.0,7.109532653097143,62,1.027972027972028,1510.1666666666667,361.5504072320995,2051,100.18881118881119,0.08333333333333333,0.28867513459481287,1,0.038461538461538464,12,0
20877,50.333333333333336,13.924036335732103,73,1.4265734265734267,1389.25,361.86615431173396,1866,99.74475524475525,0.16666666666666666,0.3892494720807615,1,-0.006993006993006993,12,0
20878,73.5,15.335638825357687,105,3.4755244755244754,8057.916666666667,1925.0521342802563,10769,532.9055944055945,0.5,0.5222329678670935,1,-0.013986013986013986,12,-1
20879,96.41666666666667,13.607874280145388,115,2.3881118881118883,1332.9166666666667,387.900047653641,1932,107.47902097902097,0.25,0.45226701686664544,1,0.038461538461538464,12,0
20880,0.5833333333333334,0.5149286505444373,1,0.003496503496503496,70.08333333333333,13.944424322895859,88,3.807692307692308,0.0,0.0,0,0.0,12,0
20882,28.416666666666668,4.252450274057692,35,0.4090909090909091,1467.8333333333333,346.2633872261596,1981,95.99300699300699,0.08333333333333333,0.28867513459481287,1,0.024475524475524472,12,0
20886,75.5,12.325140604029269,97,2.5804195804195804,1309.8333333333333,388.965722568626,1891,107.7972027972028,0.4166666666666667,0.6685579234215215,2,0.10839160839160839,12,0
20889,0.0,0.0,0,0.0,4.416666666666667,4.252450274057692,15,1.0034965034965035,0.0,0.0,0,0.0,12,0
20892,0.0,0.0,0,0.0,0.0,0.0,0,0.0,0.08333333333333333,0.28867513459481287,1,0.03146853146853147,12,0
20894,0.0,0.0,0,0.0,0.0,0.0,0,0.0,0.0,0.0,0,0.0,12,0
20895,16.583333333333332,6.331139971074194,29,1.5,2324.75,520.8610222942914,3081,144.1853146853147,0.16666666666666666,0.5773502691896257,2,0.06293706293706294,12,0
20896,0.25,0.4522670168666455,1,-0.01048951048951049,216.83333333333334,45.030965776761654,279,12.3986013986014,0.0,0.0,0,0.0,12,0
20898,0.0,0.0,0,0.0,4.666666666666667,1.9694638556693238,6,0.46153846153846156,0.0,0.0,0,0.0,12,0
20899,0.0,0.0,0,0.0,0.0,0.0,0,0.0,0.0,0.0,0,0.0,12,0
20901,42.25,10.506491499847304,67,1.8356643356643358,2204.6666666666665,562.2135364841909,3025,155.5594405594406,0.75,0.8660254037844386,3,0.05944055944055944,12,0
20902,68.83333333333333,13.809307357611011,93,3.230769230769231,2680.5833333333335,666.0764982456228,3612,184.4230769230769,0.4166666666666667,0.7929614610987591,2,0.05244755244755244,12,0
20903,28.0,5.908391567007971,38,0.8741258741258742,551.6666666666666,146.45218477114787,753,40.41258741258742,0.4166666666666667,0.7929614610987591,2,-0.05244755244755245,12,0
20904,103.16666666666667,26.95057204092955,151,6.937062937062937,2659.9166666666665,720.5310488967441,3658,199.33216783216784,0.3333333333333333,0.6513389472789296,2,-0.08391608391608392,12,0
20905,34.333333333333336,8.00378698246062,49,1.797202797202797,1457.75,356.5499136293415,1954,98.60489510489509,0.0,0.0,0,0.0,12,0
20906,121.25,20.72383344671716,148,5.164335664335664,3066.3333333333335,781.0736588863183,4151,215.97202797202797,0.6666666666666666,0.6513389472789296,2,0.09790209790209789,12,0
20907,0.0,0.0,0,0.0,0.0,0.0,0,0.0,0.0,0.0,0,0.0,12,0
20910,25.666666666666668,3.6762958960278915,32,0.35664335664335667,3555.9166666666665,813.1386394519061,4741,225.24825174825173,0.8333333333333334,0.8348471099367218,2,0.048951048951048945,12,0
20912,30.916666666666668,8.151501070169205,44,1.3041958041958042,2022.4166666666667,447.1874649270469,2717,123.83566433566433,0.3333333333333333,0.6513389472789296,2,0.08391608391608392,12,0
20913,0.0,0.0,0,0.0,0.0,0.0,0,0.0,0.0,0.0,0,0.0,12,0
20918,0.0,0.0,0,0.0,0.0,0.0,0,0.0,0.0,0.0,0,0.0,12,0
20956,0.0,0.0,0,0.0,0.0,0.0,0,0.0,0.0,0.0,0,0.0,12,0
20967,0.08333333333333333,0.2886751345948129,1,-0.03846153846153846,0.0,0.0,0,0.0,0.0,0.0,0,0.0,12,0
21000,0.0,0.0,0,0.0,0.0,0.0,0,0.0,0.0,0.0,0,0.0,12,0
21001,111.33333333333333,18.548870748932558,146,2.965034965034965,786.9166666666666,253.16881121041945,1190,70.05944055944056,0.08333333333333333,0.28867513459481287,1,0.038461538461538464,12,0
21005,0.0,0.0,0,0.0,62.583333333333336,25.95961315488956,104,7.038461538461539,0.16666666666666666,0.5773502691896257,2,0.006993006993006992,12,0
21009,114.25,16.31577596850807,136,1.2622377622377623,1000.0833333333334,296.1515147639291,1426,82.03846153846155,0.08333333333333333,0.2886751345948129,1,-0.010489510489510488,12,0
21010,0.0,0.0,0,0.0,6.583333333333333,3.2039275140289174,12,0.8636363636363636,0.0,0.0,0,0.0,12,0
21012,38.833333333333336,8.504900548115383,59,-1.097902097902098,1291.0833333333333,301.49670835933705,1708,83.26223776223777,0.08333333333333333,0.28867513459481287,1,0.003496503496503496,12,0
21013,3.25,1.764549903980152,6,-0.03146853146853147,271.8333333333333,39.46421470679789,335,10.818181818181818,0.0,0.0,0,0.0,12,0
21014,75.91666666666667,13.996482242031938,101,2.6468531468531467,1310.8333333333333,336.9231995933828,1754,92.7062937062937,0.4166666666666667,0.90033663737852,3,-0.12237762237762238,12,0
21015,64.5,12.36931687685298,81,2.230769230769231,1403.8333333333333,404.94642369158663,2027,112.11188811188812,0.08333333333333333,0.28867513459481287,1,0.038461538461538464,12,0
21016,0.0,0.0,0,0.0,0.0,0.0,0,0.0,0.0,0.0,0,0.0,12,0
21017,28.166666666666668,5.356955263670743,37,0.9020979020979022,141.41666666666666,39.532399447296456,202,10.905594405594407,0.0,0.0,0,0.0,12,0
21023,0.08333333333333333,0.28867513459481287,1,0.003496503496503496,17.333333333333332,1.230914909793329,18,0.25874125874125875,0.0,0.0,0,0.0,12,0
21025,0.0,0.0,0,0.0,0.0,0.0,0,0.0,0.0,0.0,0,0.0,12,0
21028,6.666666666666667,2.49848438906955,12,-0.0069930069930069965,138.83333333333334,48.11885537317198,211,12.923076923076923,0.0,0.0,0,0.0,12,0
21029,7.083333333333333,3.058767824804721,14,0.03146853146853147,2832.5,552.3017126699698,3620,152.55944055944056,1.0,1.044465935734187,3,-0.09790209790209789,12,0
21030,20.666666666666668,4.458563432181702,28,-0.3216783216783217,1319.4166666666667,357.22400874555234,1876,98.9895104895105,0.5833333333333334,0.90033663737852,3,0.06643356643356643,12,0
21031,0.0,0.0,0,0.0,164.58333333333334,75.42420437804172,251,19.37412587412587,0.0,0.0,0,0.0,12,0
21032,13.916666666666666,2.065224325624584,17,0.17832167832167833,785.5833333333334,150.9662565146947,991,41.68881118881118,0.08333333333333333,0.2886751345948129,1,-0.010489510489510488,12,0
21034,11.833333333333334,2.691175253012007,15,0.08391608391608392,81.66666666666667,24.073120934252614,122,6.146853146853146,0.0,0.0,0,0.0,12,0
21035,10.916666666666666,3.9186809778368796,19,0.8076923076923077,730.3333333333334,140.29924728193947,940,38.81818181818181,0.0,0.0,0,0.0,12,0
21036,1.75,1.2880570286640685,4,0.24125874125874128,411.25,76.10533967648213,543,20.94055944055944,0.0,0.0,0,0.0,12,0
21037,47.916666666666664,6.921092049056648,59,0.7867132867132868,1309.3333333333333,298.98657109805066,1730,82.69930069930071,0.5,0.9045340337332909,3,0.0,12,0
21040,137.33333333333334,20.65884504970883,187,4.503496503496503,359.5,142.100796491914,590,39.10489510489511,0.3333333333333333,0.6513389472789296,2,0.006993006993006992,12,0
21042,34.666666666666664,9.068760898955503,50,1.8671328671328673,6138.333333333333,1442.615007757115,8228,399.3216783216783,0.5,0.674199862463242,2,0.055944055944055944,12,0
21043,37.166666666666664,8.49420479806763,51,1.6433566433566433,5144.666666666667,1219.1881302611575,6823,337.18181818181813,0.4166666666666667,0.5149286505444373,1,0.045454545454545456,12,0
21044,81.66666666666667,16.19951364776864,114,3.0699300699300696,3936.4166666666665,908.5135170189053,5245,251.63286713286715,0.6666666666666666,0.6513389472789296,2,0.034965034965034975,12,0
21045,92.41666666666667,15.564869145455463,114,3.520979020979021,2494.1666666666665,574.3245571710275,3399,159.11188811188813,0.5,0.7977240352174656,2,0.11188811188811189,12,0
21046,27.0,6.74199862463242,41,1.4195804195804194,1273.9166666666667,291.0965033153511,1715,80.64685314685313,0.25,0.45226701686664544,1,-0.01748251748251748,12,0
21047,19.166666666666668,5.812734192088847,35,0.020979020979020966,568.75,147.98963415787546,767,40.78671328671329,0.0,0.0,0,0.0,12,0
21048,28.916666666666668,6.556860852757534,37,1.108391608391608,578.4166666666666,135.66768110707022,783,37.43006993006994,0.0,0.0,0,0.0,12,0
21050,28.166666666666668,6.393652154972765,45,0.9090909090909091,618.8333333333334,153.63346778694552,836,42.52447552447552,0.08333333333333333,0.28867513459481287,1,0.03146853146853147,12,0
21051,0.5,0.674199862463242,2,-0.006993006993006993,21.833333333333332,3.7132033054868923,29,0.9440559440559441,0.0,0.0,0,0.0,12,0
21052,3.3333333333333335,2.4984843890695503,9,-0.26573426573426573,6.25,0.8660254037844386,9,0.11538461538461539,0.08333333333333333,0.2886751345948129,1,-0.024475524475524472,12,0
21053,7.166666666666667,3.0698929011029725,14,0.40559440559440557,137.16666666666666,30.331002241431072,171,8.244755244755245,0.0,0.0,0,0.0,12,0
21054,20.833333333333332,5.096047190685833,29,0.42657342657342656,1136.0833333333333,279.73801325634327,1513,77.14335664335665,0.16666666666666666,0.5773502691896258,2,-0.06293706293706292,12,0
21056,0.8333333333333334,1.0298573010888745,3,-0.20279720279720276,40.916666666666664,7.089792064309893,53,1.8356643356643358,0.0,0.0,0,0.0,12,0
21057,4.5,2.2763607319179844,8,0.19580419580419578,212.16666666666666,42.75688851111028,296,11.454545454545455,0.08333333333333333,0.2886751345948129,1,-0.03146853146853146,12,0
21060,184.41666666666666,26.73254173996158,223,5.325174825174825,1566.1666666666667,441.5750390947332,2172,121.77622377622377,1.9166666666666667,2.937479851639476,10,-0.19930069930069932,12,-1
21061,184.66666666666666,29.01201423026276,220,5.566433566433567,1049.4166666666667,326.68067765252835,1523,90.37412587412587,0.8333333333333334,1.4668044012461756,5,0.08391608391608392,12,0
21064,0.0,0.0,0,0.0,0.0,0.0,0,0.0,0.0,0.0,0,0.0,12,0
21071,1.8333333333333333,1.0298573010888745,3,0.14685314685314685,19.833333333333332,2.8230651727682408,24,0.5104895104895105,0.0,0.0,0,0.0,12,0
21074,44.833333333333336,11.699520839709114,61,1.9090909090909092,340.0,69.654993947442,453,19.146853146853147,0.3333333333333333,0.49236596391733095,1,0.034965034965034975,12,0
21075,66.91666666666667,14.841332538392619,88,3.059440559440559,2999.5833333333335,783.3384799959873,3942,213.6818181818182,0.3333333333333333,0.6513389472789297,2,-0.055944055944055944,12,0
21076,67.41666666666667,15.114462269527477,94,3.339160839160839,6247.5,1800.487585476374,7740,380.8041958041958,0.3333333333333333,0.6513389472789296,2,0.09090909090909091,12,-1
21077,1.25,1.2154310870109943,4,-0.12237762237762238,83.16666666666667,91.8168466749612,278,17.776223776223777,0.0,0.0,0,0.0,12,0
21078,62.75,11.810049649653159,82,2.576923076923077,885.9166666666666,221.32964240259514,1216,60.94755244755245,0.8333333333333334,1.5275252316519468,4,0.1258741258741259,12,0
21082,3.5,1.8829377433825438,6,-0.055944055944055944,25.0,6.075285253310408,36,1.5874125874125873,0.0,0.0,0,0.0,12,0
21084,14.416666666666666,3.604500553811061,23,0.3881118881118881,194.83333333333334,57.56550945477577,268,15.832167832167832,0.0,0.0,0,0.0,12,0
21085,72.58333333333333,16.58837672661923,101,3.7517482517482517,422.4166666666667,154.00971535666972,662,42.27622377622377,0.25,0.45226701686664544,1,0.03146853146853147,12,0
21087,11.166666666666666,2.855085839605379,16,-0.2867132867132867,250.75,59.27305842071468,335,16.318181818181817,0.0,0.0,0,0.0,12,0
21090,23.25,6.770591487522274,32,0.19930069930069932,3232.4166666666665,1203.2457965726278,4256,270.7097902097902,0.5833333333333334,0.5149286505444373,1,-0.07342657342657342,12,0
21093,42.25,5.545268253204709,49,0.8006993006993007,2524.3333333333335,603.3381884954489,3398,167.14685314685312,0.4166666666666667,0.6685579234215215,2,-0.10139860139860139,12,0
21094,0.0,0.0,0,0.0,6.0,9.43879807448539,26,2.132867132867133,0.0,0.0,0,0.0,12,0
21101,0.0,0.0,0,0.0,0.0,0.0,0,0.0,0.0,0.0,0,0.0,12,0
21102,40.166666666666664,9.083785087459495,57,0.9230769230769231,292.75,73.75404457322387,407,20.346153846153847,0.08333333333333333,0.28867513459481287,1,0.024475524475524472,12,0
21104,6.333333333333333,2.9644356609443876,12,-0.10489510489510488,657.8333333333334,160.88721816756285,898,44.5104895104895,0.0,0.0,0,0.0,12,0
21105,0.16666666666666666,0.3892494720807615,1,0.013986013986013986,0.0,0.0,0,0.0,0.0,0.0,0,0.0,12,0
21106,0.5833333333333334,0.7929614610987591,2,0.12937062937062938,0.0,0.0,0,0.0,0.08333333333333333,0.2886751345948129,1,-0.010489510489510488,12,0
21107,0.3333333333333333,0.4923659639173309,1,1.7468544093752465e-18,0.0,0.0,0,0.0,0.0,0.0,0,0.0,12,0
21108,34.75,10.73757209733441,55,2.122377622377622,1233.4166666666667,322.1311021458452,1734,89.12937062937061,0.08333333333333333,0.28867513459481287,1,0.01748251748251748,12,0
21111,6.833333333333333,1.9462473604038073,9,0.15384615384615385,369.0833333333333,79.2366516815102,481,21.84265734265734,0.0,0.0,0,0.0,12,0
21112,0.0,0.0,0,0.0,0.0,0.0,0,0.0,0.0,0.0,0,0.0,12,0
21113,97.91666666666667,18.5347748512864,140,4.094405594405594,2365.0833333333335,626.3692576824768,3234,173.30419580419579,0.5833333333333334,0.7929614610987591,2,0.10139860139860138,12,0
21114,59.583333333333336,17.244015211256936,87,3.800699300699301,1241.1666666666667,323.4264939204841,1723,89.55944055944056,1.0,1.2060453783110545,3,0.20279720279720279,12,0
21117,199.83333333333334,33.37890823786056,266,7.993006993006993,3532.0,1256.7973728344743,5998,336.8531468531469,1.25,1.5447859516333116,4,0.1853146853146853,12,-1
21120,6.166666666666667,2.7247463045653304,11,0.2937062937062937,433.5,89.2865662297017,585,24.53146853146853,0.08333333333333333,0.28867513459481287,1,0.01748251748251748,12,0
21121,0.0,0.0,0,0.0,0.0,0.0,0,0.0,0.0,0.0,0,0.0,12,0
21122,214.83333333333334,26.184080289482395,249,5.615384615384615,1983.75,496.43549887720025,2724,137.56993006993008,0.8333333333333334,0.9374368665610922,3,0.11888111888111888,12,0
21126,0.08333333333333333,0.2886751345948129,1,-0.01748251748251748,0.0,0.0,0,0.0,0.0,0.0,0,0.0,12,0
21128,28.333333333333332,6.471382223203006,39,1.160839160839161,895.25,220.36792581333773,1179,60.22027972027972,0.08333333333333333,0.28867513459481287,1,0.003496503496503496,12,0
21130,0.6666666666666666,1.0730867399773196,3,0.19580419580419584,0.4166666666666667,0.996204919895622,3,0.17832167832167833,0.08333333333333333,0.2886751345948129,1,-0.03146853146853146,12,0
21131,8.75,2.8643577734887544,12,-0.1853146853146853,693.0,157.63133052675906,909,43.48251748251748,0.0,0.0,0,0.0,12,0
21132,5.166666666666667,3.1285585799020588,10,0.08391608391608392,72.66666666666667,20.150945537631877,101,5.2377622377622375,0.0,0.0,0,0.0,12,0
21133,212.91666666666666,24.901472513354175,259,5.073426573426573,712.25,289.43459773088006,1145,79.8076923076923,0.6666666666666666,0.8876253645985945,2,0.04895104895104896,12,0
21136,121.66666666666667,18.302177383297785,147,3.7062937062937062,1935.5833333333333,468.18905628414944,2613,129.73776223776224,0.3333333333333333,0.8876253645985945,3,0.13986013986013984,12,0
21138,0.0,0.0,0,0.0,0.0,0.0,0,0.0,0.0,0.0,0,0.0,12,0
21140,6.5,2.467976720090587,10,0.23776223776223776,244.08333333333334,48.187999889322384,313,13.26923076923077,0.08333333333333333,0.28867513459481287,1,-0.003496503496503496,12,0
21144,107.66666666666667,16.77299416721217,130,3.8181818181818183,1983.1666666666667,529.7094972861555,2695,146.05594405594402,0.16666666666666666,0.38924947208076155,1,-0.006993006993006993,12,0
21145,0.08333333333333333,0.28867513459481287,1,-0.003496503496503496,0.0,0.0,0,0.0,0.0,0.0,0,0.0,12,0
21146,36.666666666666664,9.432374937930371,55,1.9020979020979025,2327.1666666666665,460.0991658591032,2963,127.23776223776224,0.25,0.4522670168666455,1,0.03146853146853147,12,0
21150,0.0,0.0,0,0.0,0.0,0.0,0,0.0,0.0,0.0,0,0.0,12,0
21152,10.666666666666666,2.1461734799546393,14,0.08391608391608392,853.6666666666666,275.2203524891326,1468,-9.552447552447553,0.08333333333333333,0.2886751345948129,1,-0.024475524475524472,12,0
21153,0.25,0.4522670168666455,1,0.01048951048951049,131.33333333333334,26.25169547194076,175,7.223776223776223,0.0,0.0,0,0.0,12,0
21154,16.583333333333332,4.378840305862092,23,0.2972027972027972,173.75,30.012497396917837,213,8.1993006993007,0.0,0.0,0,0.0,12,0
21155,4.166666666666667,2.8867513459481287,10,0.6293706293706294,116.41666666666667,27.194445734154584,154,7.43006993006993,0.0,0.0,0,0.0,12,0
21156,0.25,0.45226701686664544,1,-0.01048951048951049,17.5,2.0225995873897262,21,0.15384615384615385,0.0,0.0,0,0.0,12,0
21157,72.0,11.233068066286176,91,1.0559440559440558,1108.1666666666667,256.5472961298075,1509,71.05594405594405,0.08333333333333333,0.2886751345948129,1,-0.03146853146853146,12,0
21158,52.333333333333336,12.30176139149729,71,2.5804195804195804,655.3333333333334,147.44387735574836,861,40.78321678321677,0.08333333333333333,0.2886751345948129,1,-0.03846153846153846,12,0
21160,6.416666666666667,2.391588796113782,12,0.28321678321678323,45.916666666666664,15.692837586464453,66,4.05944055944056,0.0,0.0,0,0.0,12,0
21161,15.833333333333334,3.9273709303097952,22,0.4755244755244755,204.33333333333334,39.25518687982133,272,10.517482517482517,0.0,0.0,0,0.0,12,0
21162,17.0,4.264014327112208,26,-0.9650349650349651,293.0833333333333,84.69781400348948,407,23.31118881118881,0.08333333333333333,0.28867513459481287,1,0.003496503496503496,12,0
21163,10.916666666666666,2.2746961169005466,14,0.2202797202797203,904.1666666666666,223.63437422125722,1223,61.77622377622377,0.08333333333333333,0.28867513459481287,1,0.038461538461538464,12,0
21201,19.25,7.817521113731409,33,1.8426573426573427,649.75,134.15332137656392,843,36.44405594405594,1.5833333333333333,1.5050420310248867,4,0.26223776223776224,12,0
21202,27.583333333333332,8.60716755578357,39,1.1013986013986017,763.0833333333334,212.81936785295963,1019,58.09440559440559,3.0,2.296241989148198,7,0.09790209790209789,12,0
21203,0.0,0.0,0,0.0,0.0,0.0,0,0.0,0.08333333333333333,0.2886751345948129,1,-0.03846153846153846,12,0
21204,10.083333333333334,3.2321772378645477,15,0.25524475524475526,1383.3333333333333,341.1396230639918,1883,94.4965034965035,0.75,1.2880570286640685,4,-0.03146853146853147,12,0
21205,44.416666666666664,17.510819166412173,79,2.199300699300699,149.41666666666666,52.66438909536385,251,14.276223776223777,0.75,0.621581560508061,2,0.01048951048951049,12,0
21206,374.25,47.51483022077519,453,10.472027972027972,643.4166666666666,246.18376666566982,1029,67.5,5.083333333333333,2.7122058561364044,10,-0.01748251748251748,12,-1
21207,309.6666666666667,50.30151512869591,384,10.86013986013986,841.1666666666666,327.34825306984425,1318,89.97202797202796,3.5833333333333335,3.058767824804721,8,-0.15734265734265734,12,-1
21208,122.25,18.733174268708925,150,3.6538461538461537,2028.1666666666667,537.9954094656018,2861,149.05594405594402,0.9166666666666666,0.9962049198956219,3,0.07342657342657344,12,0
21209,31.833333333333332,9.369518599580172,43,1.881118881118881,1751.9166666666667,458.9601801569467,2449,127.1923076923077,3.0,3.4377582547616425,12,0.4405594405594406,12,-1
21210,8.166666666666666,3.927370930309795,16,0.7062937062937065,1284.6666666666667,262.2713145279949,1666,72.62937062937061,2.3333333333333335,2.309401076758503,8,0.25874125874125875,12,0
21211,28.666666666666668,6.4713822232030065,41,0.9650349650349651,937.0,227.75824503586733,1300,62.83216783216783,2.4166666666666665,1.6764862244009227,6,0.33216783216783213,12,0
21212,103.66666666666667,15.023214359682477,125,3.377622377622378,1667.9166666666667,406.3899735550332,2305,112.56993006993007,2.3333333333333335,1.556997888323046,5,0.2867132867132867,12,0
21213,227.91666666666666,45.70947451684454,286,11.590909090909092,397.25,209.42524159752523,693,57.17832167832168,1.6666666666666667,1.9227505550564008,6,0.34965034965034963,12,-1
21214,170.0,26.890349739096166,214,6.111888111888112,506.8333333333333,181.76249904918794,799,49.832167832167826,0.9166666666666666,1.7298624923456323,6,0.24825174825174823,12,-1
21215,300.0833333333333,33.96109628098099,371,8.409090909090908,745.3333333333334,316.5577165048861,1266,85.98601398601397,5.166666666666667,4.529365464957704,16,0.888111888111888,12,-1
21216,195.08333333333334,42.31582195679043,278,10.101398601398602,254.25,136.17777485197928,470,36.26923076923077,5.166666666666667,3.128558579902059,10,0.5874125874125874,12,-1
21217,113.0,19.521549863955705,145,3.7132867132867133,547.9166666666666,177.59272012789327,806,48.94055944055944,4.083333333333333,3.553700589355817,11,0.7097902097902097,12,-1
21218,176.33333333333334,36.54221303278352,232,8.916083916083917,1171.25,342.4906435351058,1693,94.43006993006992,3.1666666666666665,1.8989630344113089,7,0.36363636363636365,12,-1
21219,34.833333333333336,3.9733963794062626,41,0.26573426573426573,270.0,62.669406774394695,350,17.027972027972027,0.3333333333333333,0.6513389472789297,2,-0.05594405594405595,12,0
21220,197.08333333333334,32.44143908178196,248,7.353146853146853,1164.25,378.43916888379107,1752,104.35314685314684,2.0833333333333335,1.5642792899510294,5,0.045454545454545456,12,0
21221,182.33333333333334,29.85825097883584,214,6.531468531468532,758.4166666666666,222.66503923375512,1080,61.49300699300699,0.6666666666666666,0.9847319278346618,3,-0.055944055944055944,12,0
21222,290.5,53.40667305939143,404,12.552447552447552,737.75,263.24137730849367,1096,72.5909090909091,1.5833333333333333,1.3113721705515065,5,0.14335664335664336,12,-1
21223,95.66666666666667,24.33603139878037,144,5.104895104895105,190.25,86.26821283331738,328,23.716783216783217,3.0,2.860387767736777,9,0.5944055944055944,12,-1
21224,151.91666666666666,29.898185817061133,193,5.891608391608392,1856.9166666666667,447.54755122339856,2561,123.54895104895104,5.333333333333333,4.141438777950865,12,0.2797202797202797,12,-1
21225,142.0,26.22975409720801,186,5.881118881118881,334.8333333333333,148.62388975551877,597,40.62237762237763,1.0,1.4142135623730951,4,-0.06993006993006992,12,0
21226,31.333333333333332,8.804268937007292,47,0.8251748251748251,165.33333333333334,46.20573229556802,218,12.552447552447552,5.583333333333333,4.14418175569586,15,0.6678321678321678,12,-1
21227,116.25,18.00063130206069,142,2.472027972027972,659.6666666666666,189.55705945144533,934,52.37762237762238,1.5833333333333333,2.02072594216369,7,0.08041958041958044,12,0
21228,107.08333333333333,17.20707218946132,130,3.0944055944055946,2224.1666666666665,559.0769719869176,2995,154.71328671328675,2.9166666666666665,2.5030284687057627,9,0.13636363636363638,12,-1
21229,300.3333333333333,58.21485804302623,402,14.272727272727272,669.4166666666666,259.5995021473491,1044,71.25524475524476,5.416666666666667,2.778434265858556,11,0.3041958041958041,12,-1
21230,116.5,18.88000385207973,157,3.0069930069930066,2134.5833333333335,480.10178056009096,2778,132.520979020979,3.9166666666666665,2.5030284687057627,8,0.541958041958042,12,-1
21231,29.583333333333332,8.382431122004613,45,1.695804195804196,830.8333333333334,174.83490047539826,1050,48.02797202797203,0.9166666666666666,1.7816403745544227,6,0.26223776223776224,12,0
21233,0.0,0.0,0,0.0,0.0,0.0,0,0.0,0.0,0.0,0,0.0,12,0
21234,243.75,31.94633283834282,295,7.2832167832167825,1400.5833333333333,406.8310925664211,2031,112.56293706293707,2.3333333333333335,2.0150945537631877,6,0.034965034965034975,12,0
21235,0.0,0.0,0,0.0,3.0,0.0,3,0.0,0.0,0.0,0,0.0,12,0
21236,111.33333333333333,19.987875112556395,145,3.867132867132867,875.0833333333334,301.32720310873583,1341,83.03846153846153,1.5833333333333333,1.4433756729740645,4,-0.06643356643356643,12,0
21237,134.91666666666666,30.074024833682792,180,7.520979020979022,793.8333333333334,239.23318154368792,1162,66.06993006993007,1.1666666666666667,1.5859229221975182,4,-0.020979020979020976,12,0
21239,191.75,27.673830762850844,242,6.297202797202797,363.8333333333333,124.8714490501283,537,34.34965034965035,1.0,1.348399724926484,4,0.22377622377622378,12,0
21240,0.0,0.0,0,0.0,2416.9166666666665,572.4037764841645,3129,-136.9335664335664,0.25,0.45226701686664544,1,0.05244755244755245,12,-1
21241,0.08333333333333333,0.28867513459481287,1,0.01748251748251748,0.0,0.0,0,0.0,0.0,0.0,0,0.0,12,0
21244,154.41666666666666,25.93158247575666,188,5.479020979020978,1034.1666666666667,418.36996097046006,1635,115.74825174825175,1.0,1.2060453783110545,3,-0.08391608391608392,12,0
21250,0.0,0.0,0,0.0,45.666666666666664,9.345230512584125,56,2.4615384615384617,0.0,0.0,0,0.0,12,0
21251,0.0,0.0,0,0.0,0.0,0.0,0,0.0,0.16666666666666666,0.3892494720807615,1,0.013986013986013988,12,0
21252,0.0,0.0,0,0.0,0.0,0.0,0,0.0,0.0,0.0,0,0.0,12,0
21255,0.08333333333333333,0.28867513459481287,1,0.038461538461538464,0.0,0.0,0,0.0,0.0,0.0,0,0.0,12,0
21260,0.0,0.0,0,0.0,0.0,0.0,0,0.0,0.0,0.0,0,0.0,12,0
21284,0.9166666666666666,1.164500152881315,3,0.01748251748251748,0.0,0.0,0,0.0,0.0,0.0,0,0.0,12,0
21286,32.666666666666664,4.228331571528879,39,0.5874125874125874,1093.75,245.73345685555688,1428,67.95454545454545,0.5,0.674199862463242,2,0.07692307692307693,12,0
21287,0.0,0.0,0,0.0,2.5,1.1677484162422844,3,0.2097902097902098,0.0,0.0,0,0.0,12,0
21307,0.0,0.0,0,0.0,0.0,0.0,0,0.0,0.0,0.0,0,0.0,12,0
21401,55.75,7.581376703955075,65,1.4160839160839163,3002.0833333333335,641.840175282025,3863,177.46503496503496,1.25,1.6583123951776997,5,0.25524475524475526,12,0
21402,0.0,0.0,0,0.0,20.5,10.335288182638248,35,2.755244755244755,0.08333333333333333,0.2886751345948129,1,-0.01748251748251748,12,0
21403,53.333333333333336,12.294369245777322,70,2.762237762237762,2185.3333333333335,453.7168386747066,2831,125.7132867132867,1.75,1.764549903980152,6,-0.11538461538461539,12,0
21405,0.5833333333333334,1.443375672974064,5,-0.16433566433566435,66.08333333333333,18.87498745735084,90,5.059440559440559,0.0,0.0,0,0.0,12,0
21407,0.0,0.0,0,0.0,0.0,0.0,0,0.0,0.0,0.0,0,0.0,12,0
21409,45.083333333333336,6.894771844512245,57,0.28321678321678323,1516.3333333333333,374.1694641185834,2019,103.18181818181819,0.6666666666666666,0.7784989441615229,2,6.5992277687509304e-18,12,0
21411,0.0,0.0,0,0.0,0.0,0.0,0,0.0,0.08333333333333333,0.2886751345948129,1,-0.03846153846153846,12,0
21412,0.0,0.0,0,0.0,1.6666666666666667,1.3706888336846839,3,0.11888111888111888,0.0,0.0,0,0.0,12,0
21502,120.75,16.825980992608912,158,3.0734265734265738,1138.5833333333333,482.4248332092469,1826,132.5769230769231,20.583333333333332,12.493331554606776,45,0.3111888111888112,12,-1
21515,0.0,0.0,0,0.0,0.0,0.0,0,0.0,0.0,0.0,0,0.0,12,0
21520,2.0,2.174229226018436,6,-0.34965034965034963,27.5,5.334280218974765,36,1.2727272727272727,0.08333333333333333,0.28867513459481287,1,0.03146853146853147,12,0
21521,4.75,1.712255291076124,7,0.34615384615384615,2.5,2.3159525823376357,8,0.13986013986013984,0.0,0.0,0,0.0,12,0
21522,0.0,0.0,0,0.0,0.0,0.0,0,0.0,0.0,0.0,0,0.0,12,0
21523,0.08333333333333333,0.2886751345948129,1,-0.01748251748251748,0.0,0.0,0,0.0,0.08333333333333333,0.28867513459481287,1,0.024475524475524472,12,0
21524,2.4166666666666665,1.6213537179739277,6,-0.0034965034965034948,1.4166666666666667,1.5050420310248864,3,0.3741258741258741,0.08333333333333333,0.28867513459481287,1,0.024475524475524472,12,0
21528,5.416666666666667,2.466441431158123,9,-0.5,0.0,0.0,0,0.0,0.0,0.0,0,0.0,12,0
21529,1.0,0.9534625892455924,3,0.08391608391608392,8.666666666666666,2.188122205883115,12,0.5244755244755245,0.0,0.0,0,0.0,12,0
21530,3.6666666666666665,1.7232808737106582,6,1.552759475000219e-18,7.416666666666667,3.3967453227875044,16,0.7657342657342656,0.16666666666666666,0.3892494720807615,1,0.013986013986013988,12,0
21531,3.4166666666666665,2.2343733444579583,9,0.20629370629370627,14.583333333333334,7.621242243449118,27,1.9335664335664335,0.0,0.0,0,0.0,12,0
21532,28.666666666666668,7.302967433402215,41,0.4405594405594406,176.58333333333334,37.019548480457864,243,10.010489510489508,13.666666666666666,8.359353317020872,29,0.013986013986013941,12,-1
21536,5.166666666666667,2.2896340848319503,9,0.36363636363636354,28.583333333333332,14.79224817465574,48,4.0174825174825175,0.25,0.6215815605080611,2,0.01748251748251748,12,0
21538,1.4166666666666667,1.164500152881315,4,0.08741258741258738,0.5,1.1677484162422844,3,0.2097902097902098,0.0,0.0,0,0.0,12,0
21539,4.416666666666667,2.108783937953269,7,0.01748251748251748,0.3333333333333333,0.8876253645985945,3,0.14685314685314685,0.0,0.0,0,0.0,12,0
21540,0.0,0.0,0,0.0,0.0,0.0,0,0.0,0.0,0.0,0,0.0,12,0
21541,1.6666666666666667,1.2309149097933272,5,-0.11888111888111888,61.416666666666664,11.70437628592076,81,3.1713286713286712,0.08333333333333333,0.28867513459481287,1,0.03146853146853147,12,0
21542,5.333333333333333,2.015094553763188,8,0.08391608391608392,0.0,0.0,0,0.0,0.0,0.0,0,0.0,12,0
21543,3.5,1.8829377433825438,8,-0.14685314685314685,0.0,0.0,0,0.0,0.0,0.0,0,0.0,12,0
21545,9.416666666666666,2.5030284687057627,13,0.19930069930069932,8.5,2.195035721390843,12,0.5804195804195804,0.0,0.0,0,0.0,12,0
21546,0.0,0.0,0,0.0,0.0,0.0,0,0.0,0.0,0.0,0,0.0,12,0
21550,24.083333333333332,3.91868097783688,33,0.4160839160839161,133.5,49.67073402096871,208,13.727272727272727,0.6666666666666666,0.6513389472789297,2,0.048951048951048945,12,0
21555,3.1666666666666665,2.1672493389016636,7,0.2867132867132867,11.083333333333334,9.829994296986538,27,2.667832167832168,0.0,0.0,0,0.0,12,0
21557,6.25,2.6671401094873817,12,0.3741258741258741,9.416666666666666,4.699290726623895,19,1.0944055944055944,0.08333333333333333,0.28867513459481287,1,0.003496503496503496,12,0
21561,5.833333333333333,2.32900030576263,9,-0.06293706293706294,59.666666666666664,15.956379934247636,77,4.2517482517482525,0.0,0.0,0,0.0,12,0
21562,8.75,2.800162332956625,14,-0.458041958041958,12.333333333333334,4.7354242074224375,22,1.090909090909091,0.25,0.4522670168666455,1,0.01748251748251748,12,0
21601,32.916666666666664,5.418123347254158,41,0.07342657342657345,994.75,220.74177633194353,1358,60.89160839160839,0.5833333333333334,0.7929614610987591,2,-0.08741258741258741,12,0
21602,0.0,0.0,0,0.0,0.0,0.0,0,0.0,0.0,0.0,0,0.0,12,0
21603,0.0,0.0,0,0.0,0.0,0.0,0,0.0,0.0,0.0,0,0.0,12,0
21607,2.1666666666666665,1.8989630344113089,7,-0.15384615384615385,10.416666666666666,3.5537005893558162,15,0.5279720279720279,0.0,0.0,0,0.0,12,0
21610,1.0,1.1281521496355322,3,-0.055944055944055944,7.0,2.1320071635561044,9,0.43356643356643354,0.08333333333333333,0.28867513459481287,1,0.003496503496503496,12,0
21612,1.6666666666666667,1.3706888336846839,4,-0.034965034965034975,17.75,3.222788177396031,21,0.7727272727272727,0.0,0.0,0,0.0,12,0
21613,62.5,21.043245515323484,99,4.531468531468532,357.8333333333333,117.15865958242912,525,32.40559440559441,3.25,3.4145410978769766,12,-0.2972027972027972,12,-1
21616,0.16666666666666666,0.3892494720807615,1,0.03496503496503496,0.0,0.0,0,0.0,0.0,0.0,0,0.0,12,0
21617,24.916666666666668,4.0330077504452575,30,0.06643356643356643,337.5,91.8333470824386,482,25.04195804195804,0.08333333333333333,0.28867513459481287,1,0.003496503496503496,12,0
21619,19.833333333333332,2.757908737804898,24,0.15384615384615385,385.5,125.24920613067229,588,34.21678321678322,0.08333333333333333,0.2886751345948129,1,-0.024475524475524472,12,0
21620,30.0,6.105139414683932,38,1.2097902097902098,403.6666666666667,106.05173123042215,564,29.258741258741257,0.16666666666666666,0.3892494720807615,1,0.006993006993006994,12,0
21621,0.0,0.0,0,0.0,0.0,0.0,0,0.0,0.0,0.0,0,0.0,12,0
21622,1.5833333333333333,0.90033663737852,3,0.02447552447552447,2.8333333333333335,3.2983007562664564,9,0.853146853146853,0.0,0.0,0,0.0,12,0
21623,10.416666666666666,3.895412997904384,19,0.6258741258741258,57.083333333333336,14.266670206739859,78,3.9055944055944054,0.0,0.0,0,0.0,12,0
21625,4.666666666666667,2.902454551623922,12,-0.19580419580419578,55.583333333333336,7.94822259528773,66,1.688811188811189,0.0,0.0,0,0.0,12,0
21626,1.9166666666666667,1.9752253419585197,6,-0.28321678321678323,0.0,0.0,0,0.0,0.0,0.0,0,0.0,12,0
21627,0.25,0.4522670168666455,1,-0.045454545454545456,2.25,1.3568010505999362,3,0.28321678321678323,0.0,0.0,0,0.0,12,0
21628,1.6666666666666667,1.497472618255253,5,-0.04195804195804196,7.666666666666667,3.498917581542075,13,0.9230769230769231,0.0,0.0,0,0.0,12,0
21629,42.833333333333336,11.464041278024185,58,2.5454545454545454,176.5,42.864479891439665,237,11.762237762237762,0.08333333333333333,0.2886751345948129,1,-0.010489510489510488,12,0
21631,8.916666666666666,3.4498572653828954,16,0.6888111888111887,40.166666666666664,11.49571725259086,56,3.0,0.0,0.0,0,0.0,12,0
21632,35.75,7.496969084539795,51,1.7027972027972027,39.166666666666664,8.526251796479487,49,2.0,0.3333333333333333,0.4923659639173309,1,-0.006993006993006993,12,0
21634,2.8333333333333335,1.1146408580454255,4,-0.09790209790209789,3.4166666666666665,1.5050420310248867,6,-0.22727272727272727,0.0,0.0,0,0.0,12,0
21635,2.1666666666666665,1.1934162828797101,4,0.013986013986013986,45.583333333333336,12.486052825113113,73,3.2622377622377616,0.0,0.0,0,0.0,12,0
21636,4.916666666666667,3.287948609787881,11,0.7657342657342656,3.9166666666666665,2.6097137890209456,12,0.4090909090909091,0.0,0.0,0,0.0,12,0
21637,1.0,1.1281521496355325,3,0.09090909090909091,0.0,0.0,0,0.0,0.0,0.0,0,0.0,12,0
21638,17.416666666666668,3.088345639315454,23,-0.6468531468531469,232.08333333333334,63.25196128232393,332,17.283216783216783,0.0,0.0,0,0.0,12,0
21639,25.166666666666668,6.575897219575762,32,0.5944055944055944,56.25,23.02617088129386,90,6.3181818181818175,0.16666666666666666,0.38924947208076144,1,0.013986013986013986,12,0
21640,4.333333333333333,3.1139957766460915,11,-0.3706293706293706,9.583333333333334,3.396745322787504,13,0.7447552447552447,0.08333333333333333,0.28867513459481287,1,0.01748251748251748,12,0
21641,2.0833333333333335,1.880924981991251,5,-0.03146853146853147,0.0,0.0,0,0.0,0.0,0.0,0,0.0,12,0
21642,0.08333333333333333,0.28867513459481287,1,0.010489510489510488,0.0,0.0,0,0.0,0.0,0.0,0,0.0,12,0
21643,47.0,7.495453167208646,57,1.3916083916083917,66.91666666666667,22.589049371656866,98,6.073426573426573,0.0,0.0,0,0.0,12,0
21644,0.0,0.0,0,0.0,0.0,0.0,0,0.0,0.0,0.0,0,0.0,12,0
21645,2.0833333333333335,1.5050420310248864,4,0.15734265734265734,21.25,9.006310918663443,37,2.353146853146853,0.0,0.0,0,0.0,12,0
21646,0.3333333333333333,0.4923659639173309,1,-0.02097902097902098,0.0,0.0,0,0.0,0.0,0.0,0,0.0,12,0
21647,0.08333333333333333,0.2886751345948129,1,-0.03146853146853146,5.416666666666667,1.0836246694508316,6,0.17132867132867133,0.0,0.0,0,0.0,12,0
21648,1.8333333333333333,1.337115846843043,4,0.07692307692307693,7.5,1.9306145983268452,12,0.3006993006993007,0.0,0.0,0,0.0,12,0
21649,2.3333333333333335,2.1461734799546393,7,-0.16783216783216784,16.166666666666668,2.4058010698889443,19,0.6153846153846154,0.0,0.0,0,0.0,12,0
21650,0.25,0.45226701686664544,1,-0.01048951048951049,0.0,0.0,0,0.0,0.0,0.0,0,0.0,12,0
21651,9.25,2.7010099121355595,15,0.3881118881118881,35.0,6.324555320336759,42,1.5034965034965033,0.0,0.0,0,0.0,12,0
21652,0.25,0.621581560508061,2,0.05244755244755245,19.0,6.941312425025845,26,1.8041958041958044,0.0,0.0,0,0.0,12,0
21653,0.3333333333333333,0.49236596391733095,1,0.027972027972027972,2.5833333333333335,1.2401124093721454,4,0.22727272727272727,0.0,0.0,0,0.0,12,0
21654,1.25,1.1381803659589922,4,0.13636363636363638,160.91666666666666,29.934651047462257,193,7.9475524475524475,0.0,0.0,0,0.0,12,0
21655,16.25,5.101247619232698,23,1.2342657342657342,73.5,11.77439440635329,98,3.076923076923077,0.08333333333333333,0.2886751345948129,1,-0.010489510489510488,12,0
21656,0.0,0.0,0,0.0,0.0,0.0,0,0.0,0.0,0.0,0,0.0,12,0
21657,3.4166666666666665,2.7455197664338145,9,0.05244755244755244,27.583333333333332,8.371578903249572,37,2.248251748251749,0.0,0.0,0,0.0,12,0
21658,7.166666666666667,2.9180732539042804,13,0.14685314685314685,139.33333333333334,26.434596247869553,178,7.020979020979021,0.0,0.0,0,0.0,12,0
21659,4.083333333333333,2.0207259421636903,7,-0.08041958041958042,8.75,3.194455423784382,15,0.6748251748251748,0.0,0.0,0,0.0,12,0
21660,20.833333333333332,7.209001107622121,34,0.5524475524475525,48.416666666666664,12.809501681694465,64,3.332167832167832,0.0,0.0,0,0.0,12,0
21661,7.083333333333333,2.937479851639476,13,-0.3881118881118881,60.25,16.304628456082924,81,4.451048951048951,1.8333333333333333,1.8989630344113089,5,-0.048951048951048966,12,0
21662,2.4166666666666665,2.108783937953269,7,0.36713286713286714,44.333333333333336,7.655459529385583,56,2.013986013986014,0.0,0.0,0,0.0,12,0
21663,2.8333333333333335,1.5275252316519468,5,-1.552759475000219e-18,202.33333333333334,38.232145763702164,250,10.426573426573427,0.75,0.7537783614444091,2,-0.06643356643356643,12,0
21664,3.6666666666666665,1.7232808737106582,7,-0.11888111888111888,15.083333333333334,1.6213537179739281,18,0.17132867132867133,0.0,0.0,0,0.0,12,0
21665,0.5833333333333334,0.996204919895622,3,-0.01748251748251748,8.5,4.295875400258422,15,1.1608391608391608,0.0,0.0,0,0.0,12,0
21666,37.75,7.174766388341344,52,0.6398601398601399,623.5,136.5140685390737,815,37.70629370629371,0.08333333333333333,0.28867513459481287,1,0.010489510489510488,12,0
21667,0.4166666666666667,0.5149286505444373,1,-0.12237762237762238,3.75,1.7645499039801518,9,0.27622377622377625,0.0,0.0,0,0.0,12,0
21668,3.9166666666666665,1.378954368902449,6,0.038461538461538464,17.0,4.709757762541316,24,1.0419580419580419,0.0,0.0,0,0.0,12,0
21669,0.0,0.0,0,0.0,0.5833333333333334,1.1645001528813148,3,0.23426573426573427,0.0,0.0,0,0.0,12,0
21670,0.0,0.0,0,0.0,0.0,0.0,0,0.0,0.0,0.0,0,0.0,12,0
21671,1.0833333333333333,0.7929614610987591,3,0.13636363636363638,32.333333333333336,5.122736011393155,41,1.3356643356643356,0.08333333333333333,0.2886751345948129,1,-0.01748251748251748,12,0
21672,0.4166666666666667,0.90033663737852,3,-0.10139860139860139,0.0,0.0,0,0.0,0.0,0.0,0,0.0,12,0
21673,6.166666666666667,3.1574826950748234,12,-0.04195804195804196,85.33333333333333,24.937497626642244,126,6.888111888111888,0.0,0.0,0,0.0,12,0
21675,1.0,1.2060453783110545,3,0.1048951048951049,0.0,0.0,0,0.0,0.0,0.0,0,0.0,12,0
21676,0.8333333333333334,1.1146408580454255,3,0.10489510489510488,11.166666666666666,3.4067668846078396,15,0.4755244755244755,0.0,0.0,0,0.0,12,0
21677,0.9166666666666666,0.7929614610987591,2,0.1433566433566434,16.75,3.04884478867891,21,0.7797202797202797,0.16666666666666666,0.38924947208076144,1,0.03496503496503496,12,0
21678,8.666666666666666,3.200378765462651,14,0.39860139860139865,25.75,10.98035435758709,43,2.9195804195804196,0.08333333333333333,0.2886751345948129,1,-0.01748251748251748,12,0
21679,0.5,0.904534033733291,3,0.11188811188811189,17.916666666666668,6.185883244545724,24,1.5349650349650348,0.08333333333333333,0.28867513459481287,1,0.003496503496503496,12,0
21700,0.08333333333333333,0.28867513459481287,1,0.038461538461538464,0.0,0.0,0,0.0,0.0,0.0,0,0.0,12,0
21701,173.91666666666666,29.546445204836793,226,7.653846153846154,2421.4166666666665,666.7328016438661,3399,184.5,0.5,0.674199862463242,2,0.013986013986013986,12,0
21702,74.33333333333333,20.882064219339195,111,5.328671328671329,2152.0,709.1191719309244,3206,196.16083916083915,0.08333333333333333,0.28867513459481287,1,0.024475524475524472,12,0
21703,102.16666666666667,18.526802860785885,131,4.4125874125874125,1943.6666666666667,499.99515149164347,2708,138.41958041958043,0.25,0.4522670168666455,1,-0.03146853146853147,12,0
21704,39.5,10.492421507493354,58,2.4965034965034967,2775.1666666666665,701.0765531190823,3778,193.66433566433565,0.5833333333333334,0.7929614610987591,2,0.01748251748251748,12,0
21705,0.0,0.0,0,0.0,0.0,0.0,0,0.0,0.08333333333333333,0.28867513459481287,1,-0.003496503496503496,12,0
21706,0.0,0.0,0,0.0,0.0,0.0,0,0.0,0.0,0.0,0,0.0,12,0
21707,0.08333333333333333,0.2886751345948129,1,-0.024475524475524472,0.0,0.0,0,0.0,0.0,0.0,0,0.0,12,0
21708,0.0,0.0,0,0.0,0.0,0.0,0,0.0,0.0,0.0,0,0.0,12,0
21710,11.083333333333334,4.187825066532602,17,1.0944055944055944,345.5,68.86020093440966,426,18.881118881118883,0.08333333333333333,0.28867513459481287,1,0.024475524475524472,12,0
21711,1.75,0.8660254037844386,3,-0.038461538461538464,11.583333333333334,1.6764862244009227,14,-0.03146853146853147,0.0,0.0,0,0.0,12,0
21713,31.166666666666668,7.975340783067556,47,1.6153846153846152,271.4166666666667,61.17405619635788,357,16.77972027972028,0.5,0.7977240352174656,2,-0.04195804195804196,12,0
21714,0.0,0.0,0,0.0,32.25,5.785954780956444,41,1.2202797202797202,0.0,0.0,0,0.0,12,0
21715,0.0,0.0,0,0.0,0.0,0.0,0,0.0,0.0,0.0,0,0.0,12,0
21716,32.166666666666664,6.644660649838722,44,0.34965034965034963,570.0,185.21878954360974,867,51.22377622377622,0.25,0.45226701686664544,1,0.05244755244755245,12,0
21717,0.6666666666666666,0.8876253645985945,2,0.1258741258741259,13.166666666666666,5.843929769557053,23,1.5664335664335662,0.08333333333333333,0.2886751345948129,1,-0.010489510489510488,12,0
21718,0.16666666666666666,0.38924947208076155,1,-0.04195804195804196,6.583333333333333,1.621353717973928,11,0.3111888111888112,0.0,0.0,0,0.0,12,0
21719,3.8333333333333335,2.5878504008094625,8,0.6153846153846153,15.25,5.642774945973753,26,1.5,0.08333333333333333,0.28867513459481287,1,0.024475524475524472,12,0
21720,0.0,0.0,0,0.0,0.8333333333333334,1.337115846843043,3,0.3006993006993007,0.08333333333333333,0.2886751345948129,1,-0.010489510489510488,12,0
21722,16.416666666666668,3.7040109300185615,22,0.534965034965035,78.66666666666667,18.12749460366933,97,4.706293706293706,0.0,0.0,0,0.0,12,0
21723,1.5833333333333333,1.2401124093721454,3,0.10139860139860139,137.66666666666666,26.203168903895197,174,7.195804195804196,0.25,0.4522670168666455,1,-0.0034965034965034965,12,0
21727,10.416666666666666,2.906367096044424,15,0.458041958041958,103.0,21.536438466426663,137,5.846153846153846,0.75,0.7537783614444091,2,-0.07342657342657342,12,0
21728,0.0,0.0,0,0.0,0.0,0.0,0,0.0,0.0,0.0,0,0.0,12,0
21733,4.25,2.301185465244935,8,0.26223776223776224,40.166666666666664,16.942862982996882,63,4.615384615384616,0.0,0.0,0,0.0,12,0
21734,1.4166666666666667,1.2401124093721454,3,0.024475524475524472,11.583333333333334,2.574643252722186,16,0.16433566433566435,0.0,0.0,0,0.0,12,0
21737,0.6666666666666666,0.6513389472789296,2,0.06993006993006995,411.5833333333333,75.22869173796697,542,20.444055944055947,0.0,0.0,0,0.0,12,0
21738,1.0,1.1281521496355325,4,-0.02097902097902098,457.8333333333333,95.55087491472642,610,26.447552447552447,0.0,0.0,0,0.0,12,0
21740,211.91666666666666,28.77959609715104,257,7.108391608391608,1193.1666666666667,348.2605694626141,1682,96.32867132867132,1.8333333333333333,0.8348471099367217,3,0.11188811188811189,12,0
21742,80.0,19.24010961979734,114,4.468531468531468,943.25,293.3276557646136,1360,80.95454545454545,0.4166666666666667,0.6685579234215215,2,-0.03146853146853146,12,0
21744,0.0,0.0,0,0.0,0.0,0.0,0,0.0,0.0,0.0,0,0.0,12,0
21746,0.0,0.0,0,0.0,0.0,0.0,0,0.0,0.08333333333333333,0.2886751345948129,1,-0.010489510489510488,12,0
21750,17.166666666666668,4.951277765905637,24,1.013986013986014,31.5,9.548917120900054,50,2.4825174825174825,1.4166666666666667,1.4433756729740645,4,0.15734265734265734,12,0
21754,16.333333333333332,4.638442789897437,25,0.7972027972027973,741.0833333333334,141.01931417255219,930,38.94755244755244,0.0,0.0,0,0.0,12,0
21755,11.25,3.9341165116545196,18,0.4370629370629371,274.4166666666667,83.49682447236958,396,23.073426573426573,0.08333333333333333,0.28867513459481287,1,0.010489510489510488,12,0
21756,13.166666666666666,3.88079966767238,19,0.16083916083916083,114.08333333333333,23.700626510067128,151,6.346153846153847,0.08333333333333333,0.2886751345948129,1,-0.01748251748251748,12,0
21757,6.166666666666667,3.563280749108846,14,0.28671328671328666,44.5,15.036319665759605,68,4.132867132867133,0.0,0.0,0,0.0,12,0
21758,15.0,3.015113445777636,22,0.055944055944055944,213.91666666666666,45.038283378665426,270,12.248251748251747,0.0,0.0,0,0.0,12,0
21759,0.08333333333333333,0.28867513459481287,1,-0.003496503496503496,0.0,0.0,0,0.0,0.0,0.0,0,0.0,12,0
21760,0.0,0.0,0,0.0,0.0,0.0,0,0.0,0.08333333333333333,0.28867513459481287,1,-0.003496503496503496,12,0
21762,0.5833333333333334,1.2401124093721456,4,0.19930069930069932,15.75,1.6583123951776995,18,0.4020979020979021,0.0,0.0,0,0.0,12,0
21764,0.25,0.45226701686664544,1,0.07342657342657342,0.0,0.0,0,0.0,0.0,0.0,0,0.0,12,0
21765,0.9166666666666666,0.9962049198956219,2,0.17132867132867133,1.1666666666666667,1.4668044012461756,3,0.35664335664335667,0.0,0.0,0,0.0,12,0
21766,1.25,1.0552897060221726,3,-0.01748251748251748,7.166666666666667,1.4668044012461754,9,-0.13286713286713286,0.0,0.0,0,0.0,12,0
21767,4.083333333333333,1.880924981991251,7,0.12937062937062938,9.833333333333334,2.8230651727682394,15,0.5804195804195804,0.0,0.0,0,0.0,12,0
21769,20.583333333333332,5.089353117196246,30,0.8706293706293706,841.5833333333334,177.80963177374602,1089,49.17832167832168,0.5833333333333334,1.0836246694508316,3,0.045454545454545456,12,0
21770,14.083333333333334,4.561864318522205,23,0.6468531468531469,1039.0,287.8787623604454,1408,79.32867132867132,0.0,0.0,0,0.0,12,0
21771,53.833333333333336,12.298065874048012,75,2.2167832167832167,1858.0833333333333,417.1094162824847,2404,115.10839160839161,0.16666666666666666,0.38924947208076155,1,-0.04195804195804196,12,0
21773,6.0,2.6285149626910838,11,0.3146853146853147,335.6666666666667,74.30689841135313,451,20.566433566433563,0.4166666666666667,0.6685579234215215,2,0.08741258741258741,12,0
21774,37.0,8.0,49,1.034965034965035,1979.75,551.9082804234777,2695,152.32517482517483,0.5833333333333334,0.6685579234215215,2,-0.045454545454545456,12,0
21776,11.833333333333334,3.833662699947623,17,0.09790209790209789,195.16666666666666,56.27018156478024,270,15.461538461538462,0.0,0.0,0,0.0,12,0
21777,2.5833333333333335,1.9752253419585197,6,-0.038461538461538464,116.0,22.831397838781733,146,6.020979020979022,0.0,0.0,0,0.0,12,0
21778,0.9166666666666666,0.9003366373785199,2,-0.09440559440559439,21.25,4.6734258409553355,30,1.2412587412587412,0.0,0.0,0,0.0,12,0
21779,1.5,1.314257481345542,4,-0.25874125874125875,39.083333333333336,10.500721475934478,55,2.8636363636363633,0.0,0.0,0,0.0,12,0
21780,2.1666666666666665,1.403458930534474,5,0.0,34.5,9.199802369418792,49,2.3216783216783217,0.25,0.621581560508061,2,0.045454545454545456,12,0
21782,17.916666666666668,6.542981435141481,31,1.0804195804195804,86.0,30.90160337116977,121,8.307692307692308,0.25,0.4522670168666455,1,0.05244755244755245,12,0
21783,28.416666666666668,7.366488411390567,41,1.562937062937063,155.33333333333334,37.955316631613826,219,10.32167832167832,0.25,0.45226701686664544,1,0.05944055944055944,12,0
21784,64.25,6.593729803932879,75,1.527972027972028,2262.1666666666665,537.0769088879227,2972,148.39860139860144,0.8333333333333334,1.1146408580454255,3,-0.055944055944055944,12,0
21787,57.666666666666664,13.93056373807629,78,3.2447552447552446,268.6666666666667,86.51046529790837,383,23.825174825174823,0.08333333333333333,0.28867513459481287,1,0.038461538461538464,12,0
21788,33.75,6.092096220812371,45,0.444055944055944,236.16666666666666,63.72359821680638,325,16.965034965034967,0.25,0.4522670168666455,1,0.01048951048951049,12,0
21790,0.25,0.4522670168666455,1,-0.01048951048951049,6.833333333333333,2.7906771199618894,9,0.44755244755244755,0.0,0.0,0,0.0,12,0
21791,9.75,2.8324419275118906,13,0.038461538461538464,176.16666666666666,38.705962268770904,233,10.601398601398603,0.0,0.0,0,0.0,12,0
21793,28.5,7.982936347439628,43,1.3076923076923077,333.5,79.16668261562837,452,21.923076923076923,0.0,0.0,0,0.0,12,0
21794,4.75,1.7645499039801522,8,0.01048951048951049,347.0,89.24939521058137,475,24.62237762237762,0.0,0.0,0,0.0,12,0
21795,21.666666666666668,8.552865902813814,42,1.083916083916084,224.41666666666666,244.54315786912963,987,31.926573426573427,0.0,0.0,0,0.0,12,0
21797,12.25,2.094364733365141,15,0.10839160839160839,791.1666666666666,174.088709535911,1043,48.23076923076923,0.08333333333333333,0.28867513459481287,1,0.010489510489510488,12,0
21798,3.9166666666666665,2.151461800448216,8,0.2902097902097902,79.58333333333333,23.10630899021986,109,6.339160839160838,0.08333333333333333,0.28867513459481287,1,0.038461538461538464,12,0
21801,85.0,11.708582710597772,103,2.6433566433566433,730.1666666666666,252.6225475193208,1136,69.41958041958043,0.5833333333333334,0.6685579234215214,2,-0.08041958041958042,12,0
21802,0.0,0.0,0,0.0,0.0,0.0,0,0.0,0.0,0.0,0,0.0,12,0
21804,86.41666666666667,13.85285223885374,116,1.9195804195804196,523.0833333333334,149.10427000369012,705,40.69580419580419,0.3333333333333333,0.49236596391733095,1,-0.08391608391608392,12,0
21811,54.083333333333336,10.211030874262965,71,1.9545454545454544,743.0833333333334,192.95240031644792,1019,53.37412587412587,2.8333333333333335,2.5166114784235836,8,-0.02797202797202797,12,-1
21812,0.25,0.4522670168666455,1,0.05944055944055944,0.0,0.0,0,0.0,0.0,0.0,0,0.0,12,0
21813,4.083333333333333,5.8068663640294815,22,-0.08041958041958044,93.83333333333333,17.729448195962938,123,4.860139860139861,0.0,0.0,0,0.0,12,0
21814,1.5833333333333333,1.164500152881315,4,-0.23426573426573427,1.9166666666666667,2.7122058561364044,9,0.416083916083916,0.0,0.0,0,0.0,12,0
21817,17.0,3.8376128944009875,22,0.24475524475524477,40.416666666666664,11.220584438945911,60,3.0314685314685317,2.3333333333333335,2.3868325657594203,6,0.2937062937062937,12,0
21821,2.5833333333333335,1.6213537179739277,6,-0.06643356643356642,5.916666666666667,1.6764862244009227,10,0.11538461538461539,0.0,0.0,0,0.0,12,0
21822,7.5,1.8829377433825436,11,0.23076923076923078,34.75,15.783334133307715,56,4.241258741258742,0.0,0.0,0,0.0,12,0
21824,0.08333333333333333,0.2886751345948129,1,-0.03146853146853146,0.0,0.0,0,0.0,0.0,0.0,0,0.0,12,0
21826,21.666666666666668,8.00378698246062,33,1.8461538461538463,79.33333333333333,38.59659272133966,149,9.804195804195805,0.4166666666666667,0.6685579234215215,2,-0.09440559440559441,12,0
21829,2.8333333333333335,1.7494587907710375,7,0.04195804195804197,3.9166666666666665,1.3113721705515067,6,0.2132867132867133,0.0,0.0,0,0.0,12,0
21830,15.083333333333334,4.294993561924126,22,0.24125874125874128,71.25,15.190457530963313,95,4.143356643356643,0.0,0.0,0,0.0,12,0
21835,0.16666666666666666,0.3892494720807615,1,0.006993006993006994,0.0,0.0,0,0.0,0.25,0.45226701686664544,1,0.024475524475524472,12,0
21837,11.583333333333334,4.166060561977059,18,0.5909090909090909,33.416666666666664,12.551409434317678,55,3.353146853146853,0.0,0.0,0,0.0,12,0
21838,6.25,2.7675062617979584,11,0.479020979020979,18.583333333333332,4.944387696871038,27,1.2972027972027975,0.0,0.0,0,0.0,12,0
21840,1.5,1.0,3,-0.17482517482517482,10.0,1.7580981459830651,12,0.22377622377622378,0.0,0.0,0,0.0,12,0
21841,3.0,1.5374122295716148,6,0.17482517482517482,10.583333333333334,2.678477631835372,14,0.548951048951049,0.0,0.0,0,0.0,12,0
21842,46.25,14.936988865351555,74,2.7447552447552446,474.0,123.07499561427797,597,29.272727272727273,0.16666666666666666,0.3892494720807615,1,-0.013986013986013986,12,0
21843,0.0,0.0,0,0.0,0.9166666666666666,1.2401124093721456,3,0.024475524475524472,0.0,0.0,0,0.0,12,0
21849,8.5,3.261343839027654,14,0.44755244755244755,31.083333333333332,15.962788166877555,56,4.255244755244755,0.0,0.0,0,0.0,12,0
21850,15.0,4.6122366887148445,22,0.2517482517482518,32.25,11.848475160811354,51,3.1083916083916083,0.0,0.0,0,0.0,12,0
21851,27.083333333333332,7.513119837788407,40,1.3251748251748252,70.83333333333333,12.437723654148682,96,2.867132867132867,0.16666666666666666,0.3892494720807615,1,-0.055944055944055944,12,0
21853,31.25,6.49650255557138,43,1.381118881118881,78.41666666666667,32.653715738260956,121,8.835664335664335,0.9166666666666666,1.729862492345632,5,-0.10839160839160839,12,0
21856,2.1666666666666665,1.6422453217986943,5,0.04895104895104896,13.916666666666666,5.195423393952052,21,1.2902097902097902,0.0,0.0,0,0.0,12,0
21861,6.25,2.5628464289109907,11,0.15734265734265734,2.5833333333333335,3.629633924274241,10,0.8776223776223776,0.08333333333333333,0.2886751345948129,1,-0.024475524475524472,12,0
21862,0.4166666666666667,0.5149286505444373,1,-0.03146853146853146,0.0,0.0,0,0.0,0.0,0.0,0,0.0,12,0
21863,13.75,5.2418768325164535,25,0.3881118881118881,94.33333333333333,13.573592901012768,112,3.5384615384615383,0.16666666666666666,0.5773502691896257,2,-0.006993006993006992,12,0
21864,1.1666666666666667,1.3371158468430429,4,0.034965034965034975,5.25,5.594234044572549,12,1.4160839160839163,0.0,0.0,0,0.0,12,0
21865,1.25,1.2880570286640687,4,-0.01748251748251748,8.916666666666666,3.579190699111471,14,0.8636363636363638,0.0,0.0,0,0.0,12,0
21866,0.16666666666666666,0.3892494720807615,1,0.006993006993006994,0.0,0.0,0,0.0,0.0,0.0,0,0.0,12,0
21867,0.08333333333333333,0.2886751345948129,1,-0.03846153846153846,0.0,0.0,0,0.0,0.08333333333333333,0.2886751345948129,1,-0.01748251748251748,12,0
21869,3.25,1.712255291076124,7,-0.10839160839160839,17.166666666666668,6.365151334819268,27,1.6853146853146852,0.0,0.0,0,0.0,12,0
21871,7.583333333333333,1.9752253419585197,12,-0.07342657342657342,16.666666666666668,5.989890473021012,24,1.5734265734265735,0.08333333333333333,0.2886751345948129,1,-0.010489510489510488,12,0
21872,1.5833333333333333,1.164500152881315,4,-0.10139860139860142,16.25,4.826536495817114,23,1.2062937062937062,0.25,0.621581560508061,2,0.024475524475524472,12,0
21874,5.666666666666667,2.1033883198882757,10,0.1258741258741259,11.25,3.30633001707606,17,0.8636363636363636,0.0,0.0,0,0.0,12,0
21875,41.916666666666664,10.916695581733626,62,0.3741258741258741,210.41666666666666,57.05732099203288,291,15.562937062937062,0.0,0.0,0,0.0,12,0
21890,0.0,0.0,0,0.0,0.0,0.0,0,0.0,0.08333333333333333,0.28867513459481287,1,0.010489510489510488,12,0
21901,64.91666666666667,13.351597339462852,96,2.695804195804196,443.0,118.12166301202869,616,32.46853146853147,0.4166666666666667,0.9962049198956218,3,-0.03146853146853147,12,0
21903,19.75,6.369315647554439,35,-0.3601398601398601,106.83333333333333,23.1706449603542,135,6.300699300699301,0.75,1.0552897060221726,3,-0.08741258741258741,12,0
21904,18.083333333333332,3.9648073054937956,29,0.19230769230769232,133.16666666666666,28.83127510607924,181,7.944055944055943,0.16666666666666666,0.3892494720807615,1,8.734272046876232e-19,12,0
21906,0.0,0.0,0,0.0,0.0,0.0,0,0.0,0.0,0.0,0,0.0,12,0
21911,30.416666666666668,5.791189755816915,38,0.9965034965034966,155.0,36.0983505037406,202,9.881118881118882,0.0,0.0,0,0.0,12,0
21912,2.0,2.0,6,-0.18881118881118883,42.583333333333336,6.430867795722488,54,1.667832167832168,0.0,0.0,0,0.0,12,0
21913,3.5833333333333335,2.391588796113782,9,0.2482517482517482,9.916666666666666,2.937479851639476,15,0.7867132867132868,0.08333333333333333,0.28867513459481287,1,-0.003496503496503496,12,0
21914,4.416666666666667,2.906367096044424,10,-0.39510489510489516,21.583333333333332,9.110017795944431,36,2.374125874125874,0.25,0.621581560508061,2,0.01748251748251748,12,0
21915,8.583333333333334,3.6045005538110613,15,0.618881118881119,90.41666666666667,20.734066536777465,112,5.5069930069930075,0.3333333333333333,0.6513389472789296,2,-0.04195804195804196,12,0
21916,0.0,0.0,0,0.0,0.0,0.0,0,0.0,0.0,0.0,0,0.0,12,0
21917,6.583333333333333,3.7040109300185615,13,0.8356643356643356,57.75,14.404071394132727,79,3.912587412587413,0.0,0.0,0,0.0,12,0
21918,13.916666666666666,4.231018216873469,20,0.7657342657342657,52.083333333333336,16.892485329461163,71,4.569930069930069,0.0,0.0,0,0.0,12,0
21919,7.916666666666667,3.941811612428832,15,0.5209790209790209,78.16666666666667,21.615791085278932,109,5.923076923076923,0.0,0.0,0,0.0,12,0
21920,2.0833333333333335,1.6764862244009227,6,-0.1853146853146853,0.0,0.0,0,0.0,0.08333333333333333,0.28867513459481287,1,-0.003496503496503496,12,0
21921,172.91666666666666,19.584123130430903,203,3.8636363636363638,852.5,288.93456321143344,1303,79.60839160839161,0.16666666666666666,0.5773502691896258,2,-0.048951048951048945,12,0
21930,0.08333333333333333,0.28867513459481287,1,-0.003496503496503496,7.583333333333333,2.3532698077098573,9,0.5279720279720279,0.0,0.0,0,0.0,12,0
23692,0.0,0.0,0,0.0,1.4166666666666667,1.164500152881315,3,-0.10839160839160839,0.0,0.0,0,0.0,12,0
